sample_id,sl_name,metasub_name,uuid,project,core_project,city,city_code,latitude,longitude,location_type,setting,station,line,sample_type,surface,surface_material,surface_ontology_coarse,surface_ontology_fine,temperature,elevation,coastal,coastal_city,hudson_alpha_flowcell,hudson_alpha_uid,hudson_alpha_project,ha_id,index_sequence,barcode,num_reads,station_name
SL270259,SL270259,PLATE0006-POS1,haib17CEM5106_HCCGHCCXY_SL270259,CSD17,not_core,london,LON,,,,,,,environmental_microbiome,,,,,,,"('low altitude', 'not_coastal')",no,HCCGHCCXY,haib17CEM5106_HCCGHCCXY_SL270259,haib17CEM5106,5106-CEM-0467,GAGCTAG,,3519037.0,
SL270260,SL270260,PLATE0006-POS2,haib17CEM5106_HCCGHCCXY_SL270260,CSD17,not_core,london,LON,,,,,,,environmental_microbiome,,,,,,,"('low altitude', 'not_coastal')",no,HCCGHCCXY,haib17CEM5106_HCCGHCCXY_SL270260,haib17CEM5106,5106-CEM-0468,ACCAACC,,744596.0,
SL270262,SL270262,PLATE0006-NEG2,haib17CEM5106_HCCGHCCXY_SL270262,CSD17,not_core,london,LON,,,,,,,environmental_microbiome,,,,,,,"('low altitude', 'not_coastal')",no,HCCGHCCXY,haib17CEM5106_HCCGHCCXY_SL270262,haib17CEM5106,5106-CEM-0470,CTTACGG,,390855.0,
SL270315,SL270315,PLATE0007-POS1,haib17CEM5106_HCCGHCCXY_SL270315,CSD17,not_core,london,LON,,,,,,,environmental_microbiome,,,,,,,"('low altitude', 'not_coastal')",no,HCCGHCCXY,haib17CEM5106_HCCGHCCXY_SL270315,haib17CEM5106,5106-CEM-0523,CAAACCC,,2265725.0,
SL270316,SL270316,PLATE0007-POS2,haib17CEM5106_HCCGHCCXY_SL270316,CSD17,not_core,london,LON,,,,,,,environmental_microbiome,,,,,,,"('low altitude', 'not_coastal')",no,HCCGHCCXY,haib17CEM5106_HCCGHCCXY_SL270316,haib17CEM5106,5106-CEM-0524,GGACTGA,,329787965.0,
SL270469,SL270469,PLATE0008-POS1,haib17CEM5106_HCCGHCCXY_SL270469,CSD17,not_core,london,LON,,,,,,,environmental_microbiome,,,,,,,"('low altitude', 'not_coastal')",no,HCCGHCCXY,haib17CEM5106_HCCGHCCXY_SL270469,haib17CEM5106,5106-CEM-0677,GGCTAGA,,4696669.0,
SL270470,SL270470,PLATE0008-POS2,haib17CEM5106_HCCGHCCXY_SL270470,CSD17,not_core,london,LON,,,,,,,environmental_microbiome,,,,,,,"('low altitude', 'not_coastal')",no,HCCGHCCXY,haib17CEM5106_HCCGHCCXY_SL270470,haib17CEM5106,5106-CEM-0678,GAAGGTC,,2421249.0,
SL270471,SL270471,PLATE0008-NEG1,haib17CEM5106_HCCGHCCXY_SL270471,CSD17,not_core,london,LON,,,,,,,environmental_microbiome,,,,,,,"('low altitude', 'not_coastal')",no,HCCGHCCXY,haib17CEM5106_HCCGHCCXY_SL270471,haib17CEM5106,5106-CEM-0679,TTTGCCC,,1666956.0,
SL270472,SL270472,PLATE0008-NEG2,haib17CEM5106_HCCGHCCXY_SL270472,CSD17,not_core,london,LON,,,,,,,environmental_microbiome,,,,,,,"('low altitude', 'not_coastal')",no,HCCGHCCXY,haib17CEM5106_HCCGHCCXY_SL270472,haib17CEM5106,5106-CEM-0680,GCGAAAC,,1601048.0,
SL270510,SL270510,PLATE0009-POS1,haib17CEM5106_HCCGHCCXY_SL270510,CSD17,not_core,london,LON,,,,,,,environmental_microbiome,,,,,,,"('low altitude', 'not_coastal')",no,HCCGHCCXY,haib17CEM5106_HCCGHCCXY_SL270510,haib17CEM5106,5106-CEM-0718,CGCGATT,,176250525.0,
SL270511,SL270511,PLATE0009-POS2,haib17CEM5106_HCCGHCCXY_SL270511,CSD17,not_core,london,LON,,,,,,,environmental_microbiome,,,,,,,"('low altitude', 'not_coastal')",no,HCCGHCCXY,haib17CEM5106_HCCGHCCXY_SL270511,haib17CEM5106,5106-CEM-0719,ATGCGAG,,169776230.0,
SL270513,SL270513,PLATE0009-NEG2,haib17CEM5106_HCCGHCCXY_SL270513,CSD17,not_core,london,LON,,,,,,,environmental_microbiome,,,,,,,"('low altitude', 'not_coastal')",no,HCCGHCCXY,haib17CEM5106_HCCGHCCXY_SL270513,haib17CEM5106,5106-CEM-0721,AGTCGCT,,41740.0,
SL270995,SL270995,PLATE0004-POS1,haib17CEM5106_HCY5HCCXY_SL270995,CSD17,not_core,london,LON,,,,,,,environmental_microbiome,,,,,,,"('low altitude', 'not_coastal')",no,HCY5HCCXY,haib17CEM5106_HCY5HCCXY_SL270995,haib17CEM5106,5106-CEM-0313,GATTCGC,,5261766.0,
SL270996,SL270996,PLATE0004-POS2,haib17CEM5106_HCY5HCCXY_SL270996,CSD17,not_core,london,LON,,,,,,,environmental_microbiome,,,,,,,"('low altitude', 'not_coastal')",no,HCY5HCCXY,haib17CEM5106_HCY5HCCXY_SL270996,haib17CEM5106,5106-CEM-0314,CCTTGTC,,5328035.0,
SL270997,SL270997,PLATE0004-NEG1,haib17CEM5106_HCY5HCCXY_SL270997,CSD17,not_core,london,LON,,,,,,,environmental_microbiome,,,,,,,"('low altitude', 'not_coastal')",no,HCY5HCCXY,haib17CEM5106_HCY5HCCXY_SL270997,haib17CEM5106,5106-CEM-0315,GCGTACT,,3588211.0,
SL270998,SL270998,PLATE0004-NEG2,haib17CEM5106_HCY5HCCXY_SL270998,CSD17,not_core,london,LON,,,,,,,environmental_microbiome,,,,,,,"('low altitude', 'not_coastal')",no,HCY5HCCXY,haib17CEM5106_HCY5HCCXY_SL270998,haib17CEM5106,5106-CEM-0316,CTACTCC,,5425175.0,
SL271131,SL271131,PLATE0005-POS1,haib17CEM5106_HCY5HCCXY_SL271131,CSD17,not_core,london,LON,,,,,,,environmental_microbiome,,,,,,,"('low altitude', 'not_coastal')",no,HCY5HCCXY,haib17CEM5106_HCY5HCCXY_SL271131,haib17CEM5106,5106-CEM-0353,CACCTGA,,4646981.0,
SL271132,SL271132,PLATE0005-POS2,haib17CEM5106_HCY5HCCXY_SL271132,CSD17,not_core,london,LON,,,,,,,environmental_microbiome,,,,,,,"('low altitude', 'not_coastal')",no,HCY5HCCXY,haib17CEM5106_HCY5HCCXY_SL271132,haib17CEM5106,5106-CEM-0354,ATGGACG,,6541617.0,
SL271133,SL271133,PLATE0005-NEG1,haib17CEM5106_HCY5HCCXY_SL271133,CSD17,not_core,london,LON,,,,,,,environmental_microbiome,,,,,,,"('low altitude', 'not_coastal')",no,HCY5HCCXY,haib17CEM5106_HCY5HCCXY_SL271133,haib17CEM5106,5106-CEM-0355,TCTCGAG,,2451543.0,
SL271134,SL271134,PLATE0005-NEG2,haib17CEM5106_HCY5HCCXY_SL271134,CSD17,not_core,london,LON,,,,,,,environmental_microbiome,,,,,,,"('low altitude', 'not_coastal')",no,HCY5HCCXY,haib17CEM5106_HCY5HCCXY_SL271134,haib17CEM5106,5106-CEM-0356,CACGACT,,3101513.0,
