uuid,city,station_name,latitude,longitude,surface_material,sample_type,num_reads,control_type
haib17CEM5080_H7VL7CCXY_SL267256,islington,morrisons,51.557193,-0.116609,plastic,environmental_microbiome,2525921.0,
haib17CEM5080_H7VL7CCXY_SL267254,islington,morrisons,51.557206,-0.116587,plastic,environmental_microbiome,3040831.0,
haib17CEM5080_H7VL7CCXY_SL267257,islington,town_hall,51.541648,-0.10249,metal,environmental_microbiome,1915744.0,
haib17CEM5080_H7VL7CCXY_SL267258,islington,freightliners_farm,51.547553,-0.111448,mixture_of_plastic_metal_and_wood,environmental_microbiome,1034200.0,
haib17CEM5080_H7VL7CCXY_SL267255,islington,trolley,51.557134,-0.116626,plastic,environmental_microbiome,3967336.0,
haib17CEM5080_H7VL7CCXY_SL267261,kensington,payphone_keypad,51.498787,-0.199217,metal,environmental_microbiome,1227426.0,
haib17CEM5080_H7VL7CCXY_SL267259,kensington,papaya_tree_thai,51.500002,-0.195392,metal,environmental_microbiome,4391807.0,
haib17CEM5080_H7VL7CCXY_SL267262,kensington,wholefoods,51.501627,-0.190734,plastic,environmental_microbiome,6379090.0,
haib17CEM5080_H7VL7CCXY_SL267260,kensington,pavement,51.500146,-0.194743,concrete,environmental_microbiome,2333665.0,
haib17CEM5080_H7VL7CCXY_SL267263,kensington,wholefoods,51.501687,-0.190509,plastic,environmental_microbiome,4249395.0,
haib17CEM5080_H7VL7CCXY_SL267264,kensington,wholefoods,51.501577,-0.190624,plastic,environmental_microbiome,4721094.0,
haib17CEM5106_HCCGHCCXY_SL270418,london,harrow and wealdstone,51.59226368,-0.335193509,glass,environmental_microbiome,4001784.0,
haib17CEM5106_HCCGHCCXY_SL270427,london,queen's park,51.53416707,-0.204675391,glass,environmental_microbiome,15147941.0,
haib17CEM5106_HCCGHCCXY_SL270428,london,kilburn park,51.53513992,-0.193943923,glass,environmental_microbiome,13979619.0,
haib17CEM5106_HCCGHCCXY_SL270429,london,maida vale,51.52982887,-0.185609035,glass,environmental_microbiome,8940201.0,
haib17CEM5106_HCCGHCCXY_SL270430,london,warwick avenue,51.52334544,-0.183649798,glass,environmental_microbiome,9779448.0,
haib17CEM5106_HCCGHCCXY_SL270431,london,paddington,51.51537887,-0.175365294,glass,environmental_microbiome,5698934.0,
haib17CEM5106_HCCGHCCXY_SL270432,london,edgeware road,51.51999407,-0.167644928,glass,environmental_microbiome,4211082.0,
haib17CEM5106_HCCGHCCXY_SL270433,london,marylebone,51.52229675,-0.163080891,glass,environmental_microbiome,4013109.0,
haib17CEM5106_HCCGHCCXY_SL270434,london,baker street,51.52313116,-0.156881847,glass,environmental_microbiome,6858111.0,
haib17CEM5106_HCCGHCCXY_SL270435,london,regent's park,51.52357375,-0.146845189,glass,environmental_microbiome,4456638.0,
haib17CEM5106_HCCGHCCXY_SL270419,london,kenton,51.58184637,-0.317125399,glass,environmental_microbiome,4154450.0,
haib17CEM5106_HCCGHCCXY_SL270436,london,picadilly circus,51.51010128,-0.133994054,glass,environmental_microbiome,5362496.0,
haib17CEM5106_HCCGHCCXY_SL270437,london,charing cross,51.50866134,-0.124733426,glass,environmental_microbiome,6264230.0,
haib17CEM5106_HCCGHCCXY_SL270438,london,waterloo,51.50357644,-0.114051784,glass,environmental_microbiome,20529049.0,
haib17CEM5106_HCCGHCCXY_SL270439,london,lambeth north,51.49913109,-0.111745717,glass,environmental_microbiome,8670280.0,
haib17CEM5106_HCCGHCCXY_SL270440,london,elephant and castle,51.49584772,-0.100711857,glass,environmental_microbiome,6890897.0,
haib17CEM5106_HCCGHCCXY_SL270420,london,south kenton,51.57023141,-0.308554798,glass,environmental_microbiome,6447238.0,
haib17CEM5106_HCCGHCCXY_SL270421,london,north wembley,51.56254897,-0.304116057,glass,environmental_microbiome,1036770.0,
haib17CEM5106_HCCGHCCXY_SL270422,london,wembley central,51.55239319,-0.296820887,glass,environmental_microbiome,19345871.0,
haib17CEM5106_HCCGHCCXY_SL270423,london,stonebridge park,51.54398955,-0.275371113,glass,environmental_microbiome,4730427.0,
haib17CEM5106_HCCGHCCXY_SL270424,london,harlesden,51.53625519,-0.257476566,glass,environmental_microbiome,20337858.0,
haib17CEM5106_HCCGHCCXY_SL270425,london,willesden junction,51.53225984,-0.244259053,glass,environmental_microbiome,7422394.0,
haib17CEM5106_HCCGHCCXY_SL270426,london,kensal green,51.5305265,-0.224683208,glass,environmental_microbiome,4902251.0,
haib17CEM5106_HCY5HCCXY_SL271148,london,greenford,51.54236162,-0.34641202,glass,environmental_microbiome,5691818.0,
haib17CEM5106_HCY5HCCXY_SL271156,london,queensway,51.51045317,-0.187402539,glass,environmental_microbiome,3589428.0,
haib17CEM5106_HCY5HCCXY_SL271157,london,marble arch,51.51361041,-0.158415035,glass,environmental_microbiome,2111465.0,
haib17CEM5106_HCY5HCCXY_SL271158,london,bond street,51.51387906,-0.149315708,glass,environmental_microbiome,4354337.0,
haib17CEM5106_HCY5HCCXY_SL271159,london,tottenham court road,51.51627608,-0.13085605,glass,environmental_microbiome,4373525.0,
haib17CEM5106_HCY5HCCXY_SL271160,london,holborn,51.5175063,-0.119995446,glass,environmental_microbiome,4770687.0,
haib17CEM5106_HCY5HCCXY_SL271161,london,chancery lane,51.51819437,-0.111660401,glass,environmental_microbiome,5670845.0,
haib17CEM5106_HCY5HCCXY_SL271162,london,st. paul's,51.51487573,-0.097559304,glass,environmental_microbiome,3490109.0,
haib17CEM5106_HCY5HCCXY_SL271163,london,bank,51.5133735,-0.088906725,glass,environmental_microbiome,3387006.0,
haib17CEM5106_HCY5HCCXY_SL271149,london,perivale,51.53665913,-0.323817282,glass,environmental_microbiome,5906364.0,
haib17CEM5106_HCY5HCCXY_SL271164,london,bethnal green,51.52726755,-0.055423847,glass,environmental_microbiome,3093374.0,
haib17CEM5106_HCY5HCCXY_SL271165,london,mile end,51.52516227,-0.033400538,glass,environmental_microbiome,1382264.0,
haib17CEM5106_HCY5HCCXY_SL271166,london,leyton,51.5565034,-0.00561874,glass,environmental_microbiome,4823010.0,
haib17CEM5106_HCY5HCCXY_SL271167,london,leytonstone,51.56825428,0.008223901,glass,environmental_microbiome,7282287.0,
haib17CEM5106_HCY5HCCXY_SL271168,london,snaresbrook,51.58089355,0.021492179,glass,environmental_microbiome,6103582.0,
haib17CEM5106_HCY5HCCXY_SL271169,london,south woodford,51.59179344,0.027321779,glass,environmental_microbiome,6303355.0,
haib17CEM5106_HCY5HCCXY_SL271170,london,woodford,51.60709356,0.034027185,glass,environmental_microbiome,6593538.0,
haib17CEM5106_HCY5HCCXY_SL271171,london,ealing broadway,51.5149791,-0.301471777,glass,environmental_microbiome,4384372.0,
haib17CEM5106_HCY5HCCXY_SL271150,london,hanger lane,51.53007288,-0.292973103,glass,environmental_microbiome,4254429.0,
haib17CEM5106_HCY5HCCXY_SL271172,london,west acton,51.51792853,-0.280959813,glass,environmental_microbiome,2974576.0,
haib17CEM5106_HCY5HCCXY_SL271173,london,wanstead,51.57558605,0.028739769,glass,environmental_microbiome,2261304.0,
haib17CEM5106_HCY5HCCXY_SL271174,london,redbridge,51.57636834,0.045413423,glass,environmental_microbiome,1446084.0,
haib17CEM5106_HCY5HCCXY_SL271175,london,gants hill,51.5765571,0.066103646,glass,environmental_microbiome,2465255.0,
haib17CEM5106_HCY5HCCXY_SL271176,london,newbury park,51.57563951,0.090329654,glass,environmental_microbiome,3018385.0,
haib17CEM5106_HCY5HCCXY_SL271177,london,barkingside,51.58585544,0.088509189,glass,environmental_microbiome,2937159.0,
haib17CEM5106_HCY5HCCXY_SL271178,london,fairlop,51.59574781,0.090921024,glass,environmental_microbiome,3032618.0,
haib17CEM5106_HCY5HCCXY_SL271179,london,hainault,51.60379254,0.093105998,glass,environmental_microbiome,5952549.0,
haib17CEM5106_HCY5HCCXY_SL271180,london,grange hill,51.61340971,0.092132915,glass,environmental_microbiome,576628.0,
haib17CEM5106_HCY5HCCXY_SL271181,london,chigwell,51.61793168,0.074523461,glass,environmental_microbiome,5968956.0,
haib17CEM5106_HCY5HCCXY_SL271151,london,north acton,51.52343605,-0.25970031,glass,environmental_microbiome,4203724.0,
haib17CEM5106_HCY5HCCXY_SL271182,london,roding valley,51.61717995,0.04385609,glass,environmental_microbiome,3023005.0,
haib17CEM5106_HCY5HCCXY_SL271152,london,east acton,51.51664829,-0.247481639,glass,environmental_microbiome,2913737.0,
haib17CEM5106_HCY5HCCXY_SL271153,london,white city,51.51204421,-0.224221914,glass,environmental_microbiome,3138461.0,
haib17CEM5106_HCY5HCCXY_SL271154,london,shepherd's bush,51.50452058,-0.218739321,glass,environmental_microbiome,3450053.0,
haib17CEM5106_HCY5HCCXY_SL271155,london,holland park,51.50740459,-0.205705089,glass,environmental_microbiome,2771241.0,
haib17CEM5106_HCCGHCCXY_SL270584,london,hammersmith,51.4926397,-0.222367633,glass,environmental_microbiome,1110322.0,
haib17CEM5106_HCCGHCCXY_SL270585,london,goldhawk road,51.50202647,-0.226720989,glass,environmental_microbiome,1747728.0,
haib17CEM5106_HCCGHCCXY_SL270586,london,shepherd's bush market,51.50562676,-0.22628142,glass,environmental_microbiome,2564333.0,
haib17CEM5106_HCCGHCCXY_SL270587,london,wood lane,51.50995828,-0.224245427,glass,environmental_microbiome,541619.0,
haib17CEM5106_HCY5HCCXY_SL270903,london,chiswick park,51.4943711,-0.267715593,glass,environmental_microbiome,3761811.0,
haib17CEM5106_HCY5HCCXY_SL270912,london,south kensington,51.49407225,-0.173903021,glass,environmental_microbiome,2604983.0,
haib17CEM5106_HCY5HCCXY_SL270913,london,sloane square,51.49236161,-0.156471428,glass,environmental_microbiome,2489284.0,
haib17CEM5106_HCY5HCCXY_SL270914,london,st james's park,51.49941708,-0.134167037,glass,environmental_microbiome,4705567.0,
haib17CEM5106_HCY5HCCXY_SL270915,london,westminster,51.50115697,-0.124793827,glass,environmental_microbiome,4028552.0,
haib17CEM5106_HCY5HCCXY_SL270916,london,embankment,51.50731012,-0.122340604,glass,environmental_microbiome,2841246.0,
haib17CEM5106_HCY5HCCXY_SL270917,london,temple,51.51104185,-0.113692896,glass,environmental_microbiome,4899691.0,
haib17CEM5106_HCY5HCCXY_SL270918,london,blackfriars,51.51156251,-0.103596123,glass,environmental_microbiome,4645876.0,
haib17CEM5106_HCY5HCCXY_SL270919,london,mansion house,51.5120941,-0.094171678,glass,environmental_microbiome,3695632.0,
haib17CEM5106_HCY5HCCXY_SL270920,london,cannon street,51.51150584,-0.090681195,glass,environmental_microbiome,3623620.0,
haib17CEM5106_HCY5HCCXY_SL270904,london,turnham green,51.49518509,-0.254500038,glass,environmental_microbiome,3536750.0,
haib17CEM5106_HCY5HCCXY_SL270921,london,monument,51.51063449,-0.08616071,glass,environmental_microbiome,3658775.0,
haib17CEM5106_HCY5HCCXY_SL270922,london,tower hill,51.5101391,-0.076335576,glass,environmental_microbiome,4229594.0,
haib17CEM5106_HCY5HCCXY_SL270923,london,aldgate east,51.51530072,-0.072274025,glass,environmental_microbiome,5155012.0,
haib17CEM5106_HCY5HCCXY_SL270924,london,whitechapel,51.51952926,-0.059968492,glass,environmental_microbiome,3905130.0,
haib17CEM5106_HCY5HCCXY_SL270925,london,stepney green,51.52197932,-0.046455251,glass,environmental_microbiome,5322841.0,
haib17CEM5106_HCY5HCCXY_SL270926,london,bow road,51.5268669,-0.024809606,glass,environmental_microbiome,3215845.0,
haib17CEM5106_HCY5HCCXY_SL270927,london,bromey-by-bow,51.52484277,-0.01165748,glass,environmental_microbiome,4211041.0,
haib17CEM5106_HCY5HCCXY_SL270928,london,plaistow,51.53128621,0.017807961,glass,environmental_microbiome,3975593.0,
haib17CEM5106_HCY5HCCXY_SL270905,london,stamford brook,51.49486533,-0.245421899,glass,environmental_microbiome,672151.0,
haib17CEM5106_HCY5HCCXY_SL270929,london,upton park,51.53530067,0.035269676,glass,environmental_microbiome,3964224.0,
haib17CEM5106_HCY5HCCXY_SL270930,london,east ham,51.5389967,0.051467145,glass,environmental_microbiome,4197994.0,
haib17CEM5106_HCY5HCCXY_SL270931,london,barking,51.53952056,0.080855743,glass,environmental_microbiome,4017737.0,
haib17CEM5106_HCY5HCCXY_SL270932,london,upney,51.53840422,0.101558788,glass,environmental_microbiome,4445892.0,
haib17CEM5106_HCY5HCCXY_SL270933,london,richmond,51.46323213,-0.301717924,glass,environmental_microbiome,4340954.0,
haib17CEM5106_HCY5HCCXY_SL270934,london,kew gardens,51.47709778,-0.285212918,glass,environmental_microbiome,3796518.0,
haib17CEM5106_HCY5HCCXY_SL270935,london,gunnersbury,51.49186736,-0.275147144,glass,environmental_microbiome,3030811.0,
haib17CEM5106_HCY5HCCXY_SL270936,london,wimbledon,51.42146487,-0.206353858,glass,environmental_microbiome,4208320.0,
haib17CEM5106_HCY5HCCXY_SL270937,london,wimbledon park,51.43453896,-0.199572031,glass,environmental_microbiome,4047047.0,
haib17CEM5106_HCY5HCCXY_SL270938,london,southfields,51.44500591,-0.206514155,glass,environmental_microbiome,3739175.0,
haib17CEM5106_HCY5HCCXY_SL270906,london,ravenscourt brook,51.49421127,-0.236225664,glass,environmental_microbiome,3334187.0,
haib17CEM5106_HCY5HCCXY_SL270939,london,east putney,51.45887883,-0.210975744,glass,environmental_microbiome,3654625.0,
haib17CEM5106_HCY5HCCXY_SL270940,london,putney bridge,51.46797822,-0.208948328,glass,environmental_microbiome,3654549.0,
haib17CEM5106_HCY5HCCXY_SL270941,london,parsons green,51.47517266,-0.201208748,glass,environmental_microbiome,3432051.0,
haib17CEM5106_HCY5HCCXY_SL270942,london,fulham broadway,51.48059868,-0.194937978,glass,environmental_microbiome,3406621.0,
haib17CEM5106_HCY5HCCXY_SL270943,london,west brompton,51.487287,0.195491,glass,environmental_microbiome,3772515.0,
haib17CEM5106_HCY5HCCXY_SL270944,london,high st kensington,51.50074572,-0.192480691,glass,environmental_microbiome,4209339.0,
haib17CEM5106_HCY5HCCXY_SL270945,london,notting hill gate,51.50913507,-0.196517879,glass,environmental_microbiome,3617568.0,
haib17CEM5106_HCY5HCCXY_SL270946,london,bayswater,51.51229975,-0.188009447,glass,environmental_microbiome,2890810.0,
haib17CEM5106_HCY5HCCXY_SL270947,london,edgeware road,51.52025012,-0.17010672,glass,environmental_microbiome,2851926.0,
haib17CEM5106_HCY5HCCXY_SL270907,london,hammersmith,51.49357272,-0.224892685,glass,environmental_microbiome,3470690.0,
haib17CEM5106_HCY5HCCXY_SL270908,london,barons court,51.49022739,-0.213576608,glass,environmental_microbiome,3173380.0,
haib17CEM5106_HCY5HCCXY_SL270909,london,west kensington,51.49056563,-0.206454516,glass,environmental_microbiome,3768879.0,
haib17CEM5106_HCY5HCCXY_SL270910,london,earl's court,51.49187618,-0.193526047,glass,environmental_microbiome,3693404.0,
haib17CEM5106_HCY5HCCXY_SL270911,london,gloucester road,51.49431275,-0.182960687,glass,environmental_microbiome,2618457.0,
haib17CEM5106_HCCGHCCXY_SL270495,london,harrow-on-the-hill,51.57939273,-0.336973212,glass,environmental_microbiome,6136227.0,
haib17CEM5106_HCCGHCCXY_SL270500,london,farringdon,51.52051764,-0.10505032,glass,environmental_microbiome,1012204.0,
haib17CEM5106_HCCGHCCXY_SL270501,london,barbican,51.52021342,-0.097698591,glass,environmental_microbiome,1111728.0,
haib17CEM5106_HCCGHCCXY_SL270502,london,moorgate,51.51843415,-0.088988842,glass,environmental_microbiome,2400141.0,
haib17CEM5106_HCCGHCCXY_SL270503,london,liverpool street,51.51742113,-0.082958757,glass,environmental_microbiome,1332616.0,
haib17CEM5106_HCCGHCCXY_SL270504,london,aldgate,51.51434282,-0.075600611,glass,environmental_microbiome,1273680.0,
haib17CEM5106_HCCGHCCXY_SL270496,london,northwick park,51.57865118,-0.318174443,glass,environmental_microbiome,3064543.0,
haib17CEM5106_HCCGHCCXY_SL270497,london,preston road,51.5720977,-0.295226402,glass,environmental_microbiome,2831728.0,
haib17CEM5106_HCCGHCCXY_SL270498,london,great portland street,51.52378935,-0.14393025,glass,environmental_microbiome,1090771.0,
haib17CEM5106_HCCGHCCXY_SL270499,london,euston square,51.52562663,-0.135824263,glass,environmental_microbiome,1393689.0,
haib17CEM5106_HCCGHCCXY_SL270279,london,high barnet,51.65065795,-0.194737478,glass,environmental_microbiome,3795956.0,
haib17CEM5106_HCCGHCCXY_SL270288,london,kentish town,51.55036797,-0.140452418,glass,environmental_microbiome,11399453.0,
haib17CEM5106_HCCGHCCXY_SL270289,london,camden town,51.5394686,-0.142709548,glass,environmental_microbiome,5051669.0,
haib17CEM5106_HCCGHCCXY_SL270290,london,mornington crescent,51.53427845,-0.138821617,glass,environmental_microbiome,18679023.0,
haib17CEM5106_HCCGHCCXY_SL270291,london,angel,51.53257057,-0.105772295,glass,environmental_microbiome,10154253.0,
haib17CEM5106_HCCGHCCXY_SL270292,london,old street,51.52567304,-0.087540958,glass,environmental_microbiome,25814020.0,
haib17CEM5106_HCCGHCCXY_SL270280,london,totteridge and whetstone,51.63026513,-0.179247175,glass,environmental_microbiome,6720481.0,
haib17CEM5106_HCCGHCCXY_SL270293,london,borough,51.5012707,-0.093692651,glass,environmental_microbiome,12062209.0,
haib17CEM5106_HCCGHCCXY_SL270294,london,kennington,51.48819371,-0.10547519,glass,environmental_microbiome,8994963.0,
haib17CEM5106_HCCGHCCXY_SL270295,london,oval,51.482032,-0.112797,glass,environmental_microbiome,3101085.0,
haib17CEM5106_HCCGHCCXY_SL270296,london,clapham north,51.46492348,-0.129515616,glass,environmental_microbiome,3612420.0,
haib17CEM5106_HCCGHCCXY_SL270297,london,clapham common,51.46180336,-0.138295129,glass,environmental_microbiome,3648635.0,
haib17CEM5106_HCCGHCCXY_SL270298,london,clapham south,51.45267416,-0.14795997,glass,environmental_microbiome,4634675.0,
haib17CEM5106_HCCGHCCXY_SL270299,london,balham,51.44340406,-0.153182996,glass,environmental_microbiome,7208701.0,
haib17CEM5106_HCCGHCCXY_SL270300,london,tooting bec,51.43583612,-0.159677894,glass,environmental_microbiome,3449310.0,
haib17CEM5106_HCCGHCCXY_SL270281,london,woodside park,51.61787278,-0.185394277,glass,environmental_microbiome,8835832.0,
haib17CEM5106_HCCGHCCXY_SL270301,london,tooting broadway,51.42751601,-0.167954323,glass,environmental_microbiome,1048801.0,
haib17CEM5106_HCCGHCCXY_SL270302,london,colliers wood,51.41814951,-0.177678808,glass,environmental_microbiome,313290.0,
haib17CEM5106_HCCGHCCXY_SL270303,london,south wimbledon,51.415307,-0.191915,glass,environmental_microbiome,507024.0,
haib17CEM5106_HCCGHCCXY_SL270304,london,morden,51.40241312,-0.194767862,glass,environmental_microbiome,427727.0,
haib17CEM5106_HCCGHCCXY_SL270305,london,edgeware,51.61368485,-0.274946709,glass,environmental_microbiome,828772.0,
haib17CEM5106_HCCGHCCXY_SL270306,london,burnt oak,51.60273831,-0.264170829,glass,environmental_microbiome,188255.0,
haib17CEM5106_HCCGHCCXY_SL270307,london,colindale,51.59535142,-0.250108975,glass,environmental_microbiome,155084.0,
haib17CEM5106_HCCGHCCXY_SL270308,london,hendon central,51.58335804,-0.226465843,glass,environmental_microbiome,197372.0,
haib17CEM5106_HCCGHCCXY_SL270309,london,brent cross,51.57686088,-0.213428926,glass,environmental_microbiome,267972.0,
haib17CEM5106_HCCGHCCXY_SL270310,london,golders green,51.57228586,-0.19396566,glass,environmental_microbiome,148380.0,
haib17CEM5106_HCCGHCCXY_SL270282,london,west finchley,51.60954907,-0.188445598,glass,environmental_microbiome,3821205.0,
haib17CEM5106_HCCGHCCXY_SL270311,london,hampstead,51.55675484,-0.17820292,glass,environmental_microbiome,110279.0,
haib17CEM5106_HCCGHCCXY_SL270312,london,belsize park,51.55049384,-0.164212238,glass,environmental_microbiome,258828.0,
haib17CEM5106_HCCGHCCXY_SL270313,london,chalk farm,51.5441519,-0.153701577,glass,environmental_microbiome,399091.0,
haib17CEM5106_HCCGHCCXY_SL270314,london,goodge street,51.52049909,-0.134642741,glass,environmental_microbiome,1409401.0,
haib17CEM5106_HCCGHCCXY_SL270319,london,leicester square,51.51129079,-0.12822255,glass,environmental_microbiome,460935.0,
haib17CEM5106_HCCGHCCXY_SL270283,london,finchley central,51.601,-0.1924,glass,environmental_microbiome,5073371.0,
haib17CEM5106_HCCGHCCXY_SL270284,london,east finchley,51.58733501,-0.164725648,glass,environmental_microbiome,6688386.0,
haib17CEM5106_HCCGHCCXY_SL270285,london,highgate,51.57765885,-0.146618543,glass,environmental_microbiome,11678369.0,
haib17CEM5106_HCCGHCCXY_SL270286,london,archway,51.56549578,-0.135099708,glass,environmental_microbiome,11614639.0,
haib17CEM5106_HCCGHCCXY_SL270287,london,tufnell park,51.55673669,-0.137907511,glass,environmental_microbiome,8146998.0,
haib17CEM5106_HCCGHCCXY_SL270537,london,walthamstow central,51.58302266,-0.01991023,glass,environmental_microbiome,3796944.0,
haib17CEM5106_HCCGHCCXY_SL270546,london,oxford circus,51.51519833,-0.141753096,glass,environmental_microbiome,1869014.0,
haib17CEM5106_HCCGHCCXY_SL270547,london,green paark,51.50691892,-0.142899998,glass,environmental_microbiome,1261009.0,
haib17CEM5106_HCCGHCCXY_SL270548,london,victoria,51.49641574,-0.143828518,glass,environmental_microbiome,990309.0,
haib17CEM5106_HCCGHCCXY_SL270549,london,pimlico,51.48926702,-0.13371586,glass,environmental_microbiome,2374407.0,
haib17CEM5106_HCCGHCCXY_SL270550,london,vauxhall,51.48580284,-0.123728675,glass,environmental_microbiome,1241590.0,
haib17CEM5106_HCCGHCCXY_SL270551,london,stockwell,51.47224114,-0.122895213,glass,environmental_microbiome,2069770.0,
haib17CEM5106_HCCGHCCXY_SL270552,london,brixton,51.46265326,-0.114611795,glass,environmental_microbiome,1568156.0,
haib17CEM5106_HCCGHCCXY_SL270538,london,blackhorse road,51.58701271,-0.040984391,glass,environmental_microbiome,944475.0,
haib17CEM5106_HCCGHCCXY_SL270539,london,tottenham hale,51.58811284,-0.060276117,glass,environmental_microbiome,1956816.0,
haib17CEM5106_HCCGHCCXY_SL270540,london,seven sisters,51.58341409,-0.07247832,glass,environmental_microbiome,757599.0,
haib17CEM5106_HCCGHCCXY_SL270541,london,finsbury park,51.56447095,-0.106495674,glass,environmental_microbiome,1327320.0,
haib17CEM5106_HCCGHCCXY_SL270542,london,highbury and islington,51.54630074,-0.103948483,glass,environmental_microbiome,1804620.0,
haib17CEM5106_HCCGHCCXY_SL270543,london,king's cross st. pancras,51.53046702,-0.123838556,glass,environmental_microbiome,4961717.0,
haib17CEM5106_HCCGHCCXY_SL270544,london,euston,51.52866595,-0.133265016,glass,environmental_microbiome,1931646.0,
haib17CEM5106_HCCGHCCXY_SL270545,london,warren street,51.52458249,-0.138254185,glass,environmental_microbiome,1492758.0,
haib17CEM5106_HCCGHCCXY_SL270441,london,harrow and wealdstone,51.59226368,-0.335193509,metal,environmental_microbiome,2009106.0,
haib17CEM5106_HCCGHCCXY_SL270450,london,queen's park,51.53416707,-0.204675391,metal,environmental_microbiome,6276311.0,
haib17CEM5106_HCCGHCCXY_SL270451,london,kilburn park,51.53513992,-0.193943923,rubber,environmental_microbiome,3181517.0,
haib17CEM5106_HCCGHCCXY_SL270452,london,maida vale,51.52982887,-0.185609035,rubber,environmental_microbiome,4968524.0,
haib17CEM5106_HCCGHCCXY_SL270453,london,warwick avenue,51.52334544,-0.183649798,rubber,environmental_microbiome,5046126.0,
haib17CEM5106_HCCGHCCXY_SL270454,london,paddington,51.51537887,-0.175365294,rubber,environmental_microbiome,2897432.0,
haib17CEM5106_HCCGHCCXY_SL270455,london,edgeware road,51.51999407,-0.167644928,metal,environmental_microbiome,3771326.0,
haib17CEM5106_HCCGHCCXY_SL270456,london,marylebone,51.52229675,-0.163080891,metal,environmental_microbiome,6081296.0,
haib17CEM5106_HCCGHCCXY_SL270457,london,baker street,51.52313116,-0.156881847,metal,environmental_microbiome,5052395.0,
haib17CEM5106_HCCGHCCXY_SL270458,london,regent's park,51.52357375,-0.146845189,metal,environmental_microbiome,11050293.0,
haib17CEM5106_HCCGHCCXY_SL270459,london,oxford circus,51.51519833,-0.141753096,metal,environmental_microbiome,7627596.0,
haib17CEM5106_HCCGHCCXY_SL270442,london,kenton,51.58184637,-0.317125399,metal,environmental_microbiome,2297519.0,
haib17CEM5106_HCCGHCCXY_SL270460,london,picadilly circus,51.51010128,-0.133994054,metal,environmental_microbiome,1844036.0,
haib17CEM5106_HCCGHCCXY_SL270461,london,charing cross,51.50866134,-0.124733426,metal,environmental_microbiome,2119004.0,
haib17CEM5106_HCCGHCCXY_SL270462,london,embankment,51.50731012,-0.122340604,metal,environmental_microbiome,546534.0,
haib17CEM5106_HCCGHCCXY_SL270463,london,waterloo,51.50357644,-0.114051784,rubber,environmental_microbiome,610828.0,
haib17CEM5106_HCCGHCCXY_SL270464,london,lambeth north,51.49913109,-0.111745717,metal,environmental_microbiome,6359518.0,
haib17CEM5106_HCCGHCCXY_SL270465,london,elephant and castle,51.49584772,-0.100711857,metal,environmental_microbiome,12224292.0,
haib17CEM5106_HCCGHCCXY_SL270443,london,south kenton,51.57023141,-0.308554798,metal,environmental_microbiome,2169668.0,
haib17CEM5106_HCCGHCCXY_SL270444,london,north wembley,51.56254897,-0.304116057,metal,environmental_microbiome,1152288.0,
haib17CEM5106_HCCGHCCXY_SL270445,london,wembley central,51.55239319,-0.296820887,wood,environmental_microbiome,6308708.0,
haib17CEM5106_HCCGHCCXY_SL270446,london,stonebridge park,51.54398955,-0.275371113,metal,environmental_microbiome,5334352.0,
haib17CEM5106_HCCGHCCXY_SL270447,london,harlesden,51.53625519,-0.257476566,metal,environmental_microbiome,17746156.0,
haib17CEM5106_HCCGHCCXY_SL270448,london,willesden junction,51.53225984,-0.244259053,metal,environmental_microbiome,3268142.0,
haib17CEM5106_HCCGHCCXY_SL270449,london,kensal green,51.5305265,-0.224683208,metal,environmental_microbiome,3004873.0,
haib17CEM5106_HCY5HCCXY_SL271183,london,greenford,51.54236162,-0.34641202,rubber,environmental_microbiome,4512244.0,
haib17CEM5106_HCCGHCCXY_SL270206,london,queensway,51.51045317,-0.187402539,metal,environmental_microbiome,4442430.0,
haib17CEM5106_HCCGHCCXY_SL270207,london,marble arch,51.51361041,-0.158415035,metal,environmental_microbiome,3615834.0,
haib17CEM5106_HCCGHCCXY_SL270208,london,bond street,51.51387906,-0.149315708,metal,environmental_microbiome,4205634.0,
haib17CEM5106_HCCGHCCXY_SL270209,london,oxford circus,51.51519833,-0.141753096,metal,environmental_microbiome,2836334.0,
haib17CEM5106_HCCGHCCXY_SL270210,london,tottenham court road,51.51627608,-0.13085605,metal,environmental_microbiome,4175640.0,
haib17CEM5106_HCCGHCCXY_SL270211,london,holborn,51.5175063,-0.119995446,metal,environmental_microbiome,3119655.0,
haib17CEM5106_HCCGHCCXY_SL270212,london,chancery lane,51.51819437,-0.111660401,rubber,environmental_microbiome,6633905.0,
haib17CEM5106_HCCGHCCXY_SL270213,london,st. paul's,51.51487573,-0.097559304,rubber,environmental_microbiome,2587477.0,
haib17CEM5106_HCCGHCCXY_SL270214,london,bank,51.5133735,-0.088906725,rubber,environmental_microbiome,1759322.0,
haib17CEM5106_HCY5HCCXY_SL271184,london,perivale,51.53665913,-0.323817282,metal,environmental_microbiome,3275713.0,
haib17CEM5106_HCCGHCCXY_SL270215,london,liverpool street,51.51742113,-0.082958757,rubber,environmental_microbiome,2762975.0,
haib17CEM5106_HCCGHCCXY_SL270216,london,bethnal green,51.52726755,-0.055423847,rubber,environmental_microbiome,1284902.0,
haib17CEM5106_HCCGHCCXY_SL270217,london,mile end,51.52516227,-0.033400538,Unknown,environmental_microbiome,2808944.0,
haib17CEM5106_HCCGHCCXY_SL270218,london,stratford,51.54137766,-0.003185389,Unknown,environmental_microbiome,6977303.0,
haib17CEM5106_HCCGHCCXY_SL270219,london,leyton,51.5565034,-0.00561874,wood,environmental_microbiome,5408313.0,
haib17CEM5106_HCCGHCCXY_SL270220,london,leytonstone,51.56825428,0.008223901,metal,environmental_microbiome,2919776.0,
haib17CEM5106_HCCGHCCXY_SL270221,london,snaresbrook,51.58089355,0.021492179,metal,environmental_microbiome,6631467.0,
haib17CEM5106_HCCGHCCXY_SL270222,london,south woodford,51.59179344,0.027321779,metal,environmental_microbiome,2034649.0,
haib17CEM5106_HCCGHCCXY_SL270223,london,woodford,51.60709356,0.034027185,metal,environmental_microbiome,7658718.0,
haib17CEM5106_HCCGHCCXY_SL270224,london,ealing broadway,51.5149791,-0.301471777,metal,environmental_microbiome,4002076.0,
haib17CEM5106_HCY5HCCXY_SL271185,london,hanger lane,51.53007288,-0.292973103,metal_wood,environmental_microbiome,5235105.0,
haib17CEM5106_HCCGHCCXY_SL270225,london,west acton,51.51792853,-0.280959813,metal,environmental_microbiome,7045609.0,
haib17CEM5106_HCCGHCCXY_SL270226,london,wanstead,51.57558605,0.028739769,rubber,environmental_microbiome,1801424.0,
haib17CEM5106_HCCGHCCXY_SL270227,london,redbridge,51.57636834,0.045413423,metal,environmental_microbiome,9673756.0,
haib17CEM5106_HCCGHCCXY_SL270228,london,gants hill,51.5765571,0.066103646,rubber,environmental_microbiome,2990874.0,
haib17CEM5106_HCCGHCCXY_SL270229,london,newbury park,51.57563951,0.090329654,Unknown,environmental_microbiome,13611885.0,
haib17CEM5106_HCCGHCCXY_SL270230,london,barkingside,51.58585544,0.088509189,metal,environmental_microbiome,5162251.0,
haib17CEM5106_HCCGHCCXY_SL270231,london,fairlop,51.59574781,0.090921024,wood,environmental_microbiome,4437681.0,
haib17CEM5106_HCCGHCCXY_SL270232,london,hainault,51.60379254,0.093105998,metal,environmental_microbiome,4249662.0,
haib17CEM5106_HCCGHCCXY_SL270233,london,grange hill,51.61340971,0.092132915,metal,environmental_microbiome,4892244.0,
haib17CEM5106_HCCGHCCXY_SL270234,london,chigwell,51.61793168,0.074523461,metal,environmental_microbiome,5177931.0,
haib17CEM5106_HCY5HCCXY_SL271186,london,north acton,51.52343605,-0.25970031,metal,environmental_microbiome,4417620.0,
haib17CEM5106_HCCGHCCXY_SL270235,london,roding valley,51.61717995,0.04385609,metal,environmental_microbiome,3667007.0,
haib17CEM5106_HCY5HCCXY_SL271187,london,east acton,51.51664829,-0.247481639,metal,environmental_microbiome,4799193.0,
haib17CEM5106_HCY5HCCXY_SL271188,london,white city,51.51204421,-0.224221914,metal,environmental_microbiome,1995136.0,
haib17CEM5106_HCY5HCCXY_SL271189,london,shepherd's bush,51.50452058,-0.218739321,metal,environmental_microbiome,5569807.0,
haib17CEM5106_HCY5HCCXY_SL271190,london,holland park,51.50740459,-0.205705089,metal,environmental_microbiome,4217756.0,
haib17CEM5106_HCCGHCCXY_SL270205,london,notting hill gate,51.50913507,-0.196517879,rubber,environmental_microbiome,2035131.0,
haib17CEM5106_HCCGHCCXY_SL270588,london,hammersmith,51.4926397,-0.222367633,metal,environmental_microbiome,1341446.0,
haib17CEM5106_HCY5HCCXY_SL270948,london,chiswick park,51.4943711,-0.267715593,rubber,environmental_microbiome,4026675.0,
haib17CEM5106_HCY5HCCXY_SL270957,london,south kensington,51.49407225,-0.173903021,metal,environmental_microbiome,4396202.0,
haib17CEM5106_HCY5HCCXY_SL270958,london,sloane square,51.49236161,-0.156471428,metal,environmental_microbiome,3648078.0,
haib17CEM5106_HCY5HCCXY_SL270959,london,victoria,51.49641574,-0.143828518,metal,environmental_microbiome,13504515.0,
haib17CEM5106_HCY5HCCXY_SL270960,london,st james's park,51.49941708,-0.134167037,wood,environmental_microbiome,3374884.0,
haib17CEM5106_HCY5HCCXY_SL270961,london,westminster,51.50115697,-0.124793827,wood,environmental_microbiome,4068143.0,
haib17CEM5106_HCY5HCCXY_SL270962,london,embankment,51.50731012,-0.122340604,metal,environmental_microbiome,3111017.0,
haib17CEM5106_HCY5HCCXY_SL270963,london,temple,51.51104185,-0.113692896,wood,environmental_microbiome,3363751.0,
haib17CEM5106_HCY5HCCXY_SL270964,london,blackfriars,51.51156251,-0.103596123,rubber,environmental_microbiome,3178303.0,
haib17CEM5106_HCY5HCCXY_SL270965,london,mansion house,51.5120941,-0.094171678,metal,environmental_microbiome,3657919.0,
haib17CEM5106_HCY5HCCXY_SL270966,london,cannon street,51.51150584,-0.090681195,metal,environmental_microbiome,3616559.0,
haib17CEM5106_HCY5HCCXY_SL270949,london,turnham green,51.49518509,-0.254500038,wood,environmental_microbiome,3666695.0,
haib17CEM5106_HCY5HCCXY_SL270967,london,monument,51.51063449,-0.08616071,metal,environmental_microbiome,3484626.0,
haib17CEM5106_HCY5HCCXY_SL270968,london,tower hill,51.5101391,-0.076335576,metal,environmental_microbiome,3116424.0,
haib17CEM5106_HCY5HCCXY_SL270969,london,aldgate east,51.51530072,-0.072274025,metal,environmental_microbiome,3164350.0,
haib17CEM5106_HCY5HCCXY_SL270970,london,whitechapel,51.51952926,-0.059968492,metal,environmental_microbiome,3181849.0,
haib17CEM5106_HCY5HCCXY_SL270971,london,stepney green,51.52197932,-0.046455251,metal,environmental_microbiome,3825571.0,
haib17CEM5106_HCY5HCCXY_SL270972,london,mile end,51.52516227,-0.033400538,metal,environmental_microbiome,4059535.0,
haib17CEM5106_HCY5HCCXY_SL270973,london,bow road,51.5268669,-0.024809606,metal,environmental_microbiome,3810182.0,
haib17CEM5106_HCY5HCCXY_SL270974,london,bromey-by-bow,51.52484277,-0.01165748,metal,environmental_microbiome,4174354.0,
haib17CEM5106_HCY5HCCXY_SL270975,london,west ham,51.52825723,0.005040569,metal,environmental_microbiome,6541076.0,
haib17CEM5106_HCY5HCCXY_SL270976,london,plaistow,51.53128621,0.017807961,wood,environmental_microbiome,5861996.0,
haib17CEM5106_HCY5HCCXY_SL270950,london,stamford brook,51.49486533,-0.245421899,wood,environmental_microbiome,3108527.0,
haib17CEM5106_HCY5HCCXY_SL270977,london,upton park,51.53530067,0.035269676,metal,environmental_microbiome,6321586.0,
haib17CEM5106_HCY5HCCXY_SL270978,london,east ham,51.5389967,0.051467145,metal,environmental_microbiome,5218329.0,
haib17CEM5106_HCY5HCCXY_SL270979,london,barking,51.53952056,0.080855743,metal,environmental_microbiome,4947239.0,
haib17CEM5106_HCY5HCCXY_SL270980,london,upney,51.53840422,0.101558788,metal,environmental_microbiome,5485926.0,
haib17CEM5106_HCY5HCCXY_SL270981,london,richmond,51.46323213,-0.301717924,metal,environmental_microbiome,6624538.0,
haib17CEM5106_HCY5HCCXY_SL270982,london,kew gardens,51.47709778,-0.285212918,metal,environmental_microbiome,6316509.0,
haib17CEM5106_HCY5HCCXY_SL270983,london,gunnersbury,51.49186736,-0.275147144,metal,environmental_microbiome,5963578.0,
haib17CEM5106_HCY5HCCXY_SL270984,london,wimbledon,51.42146487,-0.206353858,wood,environmental_microbiome,6735507.0,
haib17CEM5106_HCY5HCCXY_SL270985,london,wimbledon park,51.43453896,-0.199572031,wood,environmental_microbiome,5701831.0,
haib17CEM5106_HCY5HCCXY_SL270986,london,southfields,51.44500591,-0.206514155,wood,environmental_microbiome,4155299.0,
haib17CEM5106_HCY5HCCXY_SL270951,london,ravenscourt brook,51.49421127,-0.236225664,wood,environmental_microbiome,3370261.0,
haib17CEM5106_HCY5HCCXY_SL270987,london,east putney,51.45887883,-0.210975744,metal,environmental_microbiome,4094595.0,
haib17CEM5106_HCY5HCCXY_SL270988,london,putney bridge,51.46797822,-0.208948328,wood,environmental_microbiome,4996320.0,
haib17CEM5106_HCY5HCCXY_SL270989,london,parsons green,51.47517266,-0.201208748,wood,environmental_microbiome,5009631.0,
haib17CEM5106_HCY5HCCXY_SL270990,london,fulham broadway,51.48059868,-0.194937978,metal,environmental_microbiome,4124646.0,
haib17CEM5106_HCY5HCCXY_SL270991,london,west brompton,51.487287,0.195491,wood,environmental_microbiome,4173730.0,
haib17CEM5106_HCY5HCCXY_SL270992,london,high st kensington,51.50074572,-0.192480691,metal,environmental_microbiome,4247364.0,
haib17CEM5106_HCY5HCCXY_SL270993,london,notting hill gate,51.50913507,-0.196517879,metal,environmental_microbiome,3763272.0,
haib17CEM5106_HCY5HCCXY_SL270994,london,bayswater,51.51229975,-0.188009447,metal,environmental_microbiome,3819490.0,
haib17CEM5106_HCY5HCCXY_SL271095,london,edgeware road,51.52025012,-0.17010672,wood,environmental_microbiome,2615284.0,
haib17CEM5106_HCY5HCCXY_SL270952,london,hammersmith,51.49357272,-0.224892685,metal,environmental_microbiome,3453879.0,
haib17CEM5106_HCY5HCCXY_SL270953,london,barons court,51.49022739,-0.213576608,wood,environmental_microbiome,3778722.0,
haib17CEM5106_HCY5HCCXY_SL270954,london,west kensington,51.49056563,-0.206454516,wood,environmental_microbiome,3964443.0,
haib17CEM5106_HCY5HCCXY_SL270955,london,earl's court,51.49187618,-0.193526047,metal,environmental_microbiome,3805878.0,
haib17CEM5106_HCY5HCCXY_SL270956,london,gloucester road,51.49431275,-0.182960687,wood,environmental_microbiome,4204119.0,
haib17CEM5106_HCCGHCCXY_SL270505,london,harrow-on-the-hill,51.57939273,-0.336973212,metal,environmental_microbiome,347108.0,
haib17CEM5106_HCCGHCCXY_SL270518,london,farringdon,51.52051764,-0.10505032,metal,environmental_microbiome,3201249.0,
haib17CEM5106_HCCGHCCXY_SL270519,london,barbican,51.52021342,-0.097698591,metal,environmental_microbiome,2681231.0,
haib17CEM5106_HCCGHCCXY_SL270520,london,moorgate,51.51843415,-0.088988842,metal,environmental_microbiome,1132928.0,
haib17CEM5106_HCCGHCCXY_SL270521,london,liverpool street,51.51742113,-0.082958757,wood,environmental_microbiome,1118277.0,
haib17CEM5106_HCCGHCCXY_SL270522,london,aldgate,51.51434282,-0.075600611,wood,environmental_microbiome,249320.0,
haib17CEM5106_HCCGHCCXY_SL270506,london,northwick park,51.57865118,-0.318174443,metal,environmental_microbiome,1252182.0,
haib17CEM5106_HCCGHCCXY_SL270507,london,preston road,51.5720977,-0.295226402,metal,environmental_microbiome,871618.0,
haib17CEM5106_HCCGHCCXY_SL270508,london,wembley park,51.56332139,-0.279220664,metal,environmental_microbiome,932840.0,
haib17CEM5106_HCCGHCCXY_SL270509,london,finchley road,51.54713209,-0.18047382,metal,environmental_microbiome,1450304.0,
haib17CEM5106_HCCGHCCXY_SL270514,london,baker street,51.52313116,-0.156881847,wood,environmental_microbiome,1802041.0,
haib17CEM5106_HCCGHCCXY_SL270515,london,great portland street,51.52378935,-0.14393025,metal_wood,environmental_microbiome,1518087.0,
haib17CEM5106_HCCGHCCXY_SL270516,london,euston square,51.52562663,-0.135824263,metal,environmental_microbiome,407547.0,
haib17CEM5106_HCCGHCCXY_SL270517,london,king's cross st. pancras,51.53046702,-0.123838556,metal,environmental_microbiome,1925012.0,
haib17CEM5106_HCCGHCCXY_SL270320,london,high barnet,51.65065795,-0.194737478,wood,environmental_microbiome,136813.0,positive_control
haib17CEM5106_HCCGHCCXY_SL270329,london,kentish town,51.55036797,-0.140452418,rubber,environmental_microbiome,34483.0,positive_control
haib17CEM5106_HCCGHCCXY_SL270330,london,camden town,51.5394686,-0.142709548,wood,environmental_microbiome,207213.0,
haib17CEM5106_HCCGHCCXY_SL270331,london,mornington crescent,51.53427845,-0.138821617,metal,environmental_microbiome,65974.0,positive_control
haib17CEM5106_HCCGHCCXY_SL270332,london,euston,51.52866595,-0.133265016,rubber,environmental_microbiome,158599.0,
haib17CEM5106_HCCGHCCXY_SL270333,london,king's cross st.pancras,51.53046702,-0.123838556,metal,environmental_microbiome,144421.0,
haib17CEM5106_HCCGHCCXY_SL270334,london,angel,51.53257057,-0.105772295,rubber,environmental_microbiome,105941.0,
haib17CEM5106_HCCGHCCXY_SL270335,london,old street,51.52567304,-0.087540958,metal,environmental_microbiome,294614.0,
haib17CEM5106_HCCGHCCXY_SL270336,london,moorgate,51.51843415,-0.088988842,metal,environmental_microbiome,259456.0,
haib17CEM5106_HCCGHCCXY_SL270337,london,bank,51.5133735,-0.088906725,rubber,environmental_microbiome,223811.0,
haib17CEM5106_HCCGHCCXY_SL270338,london,london bridge,51.50557208,-0.086907553,metal,environmental_microbiome,323292.0,
haib17CEM5106_HCCGHCCXY_SL270321,london,totteridge and whetstone,51.63026513,-0.179247175,metal,environmental_microbiome,428174.0,
haib17CEM5106_HCCGHCCXY_SL270339,london,borough,51.5012707,-0.093692651,wood,environmental_microbiome,420011.0,
haib17CEM5106_HCCGHCCXY_SL270340,london,elephant and castle,51.49584772,-0.100711857,wood,environmental_microbiome,348446.0,
haib17CEM5106_HCCGHCCXY_SL270341,london,kennington,51.48819371,-0.10547519,metal,environmental_microbiome,376156.0,
haib17CEM5106_HCCGHCCXY_SL270342,london,oval,51.482032,-0.112797,rubber,environmental_microbiome,125763.0,
haib17CEM5106_HCCGHCCXY_SL270343,london,stockwell,51.47224114,-0.122895213,metal,environmental_microbiome,60236.0,
haib17CEM5106_HCCGHCCXY_SL270344,london,clapham north,51.46492348,-0.129515616,rubber,environmental_microbiome,264634.0,
haib17CEM5106_HCCGHCCXY_SL270345,london,clapham common,51.46180336,-0.138295129,rubber,environmental_microbiome,301304.0,
haib17CEM5106_HCCGHCCXY_SL270346,london,clapham south,51.45267416,-0.14795997,rubber,environmental_microbiome,76876.0,positive_control
haib17CEM5106_HCCGHCCXY_SL270347,london,balham,51.44340406,-0.153182996,rubber,environmental_microbiome,14778.0,positive_control
haib17CEM5106_HCCGHCCXY_SL270348,london,tooting bec,51.43583612,-0.159677894,metal,environmental_microbiome,110843.0,positive_control
haib17CEM5106_HCCGHCCXY_SL270322,london,woodside park,51.61787278,-0.185394277,metal,environmental_microbiome,434483.0,positive_control
haib17CEM5106_HCCGHCCXY_SL270349,london,tooting broadway,51.42751601,-0.167954323,rubber,environmental_microbiome,230645.0,
haib17CEM5106_HCCGHCCXY_SL270350,london,colliers wood,51.41814951,-0.177678808,rubber,environmental_microbiome,423911.0,
haib17CEM5106_HCCGHCCXY_SL270351,london,south wimbledon,51.415307,-0.191915,rubber,environmental_microbiome,298839.0,
haib17CEM5106_HCCGHCCXY_SL270352,london,morden,51.40241312,-0.194767862,metal,environmental_microbiome,214954.0,
haib17CEM5106_HCCGHCCXY_SL270353,london,edgeware,51.61368485,-0.274946709,wood,environmental_microbiome,171529.0,
haib17CEM5106_HCCGHCCXY_SL270354,london,burnt oak,51.60273831,-0.264170829,metal_wood,environmental_microbiome,143653.0,
haib17CEM5106_HCCGHCCXY_SL270355,london,colindale,51.59535142,-0.250108975,metal_wood,environmental_microbiome,259167.0,
haib17CEM5106_HCCGHCCXY_SL270356,london,hendon central,51.58335804,-0.226465843,metal_wood,environmental_microbiome,75878.0,
haib17CEM5106_HCCGHCCXY_SL270357,london,brent cross,51.57686088,-0.213428926,wood,environmental_microbiome,375368.0,
haib17CEM5106_HCCGHCCXY_SL270358,london,golders green,51.57228586,-0.19396566,wood,environmental_microbiome,319441.0,
haib17CEM5106_HCCGHCCXY_SL270323,london,west finchley,51.60954907,-0.188445598,metal,environmental_microbiome,144256.0,positive_control
haib17CEM5106_HCCGHCCXY_SL270359,london,hampstead,51.55675484,-0.17820292,wood,environmental_microbiome,418536.0,
haib17CEM5106_HCCGHCCXY_SL270360,london,belsize park,51.55049384,-0.164212238,wood,environmental_microbiome,246097.0,
haib17CEM5106_HCCGHCCXY_SL270361,london,chalk farm,51.5441519,-0.153701577,wood,environmental_microbiome,303573.0,
haib17CEM5106_HCCGHCCXY_SL270362,london,warren street,51.52458249,-0.138254185,wood,environmental_microbiome,1363998.0,
haib17CEM5106_HCCGHCCXY_SL270363,london,goodge street,51.52049909,-0.134642741,wood,environmental_microbiome,248691.0,
haib17CEM5106_HCCGHCCXY_SL270364,london,tottenham court road,51.51627608,-0.13085605,metal,environmental_microbiome,314228.0,
haib17CEM5106_HCCGHCCXY_SL270365,london,leicester square,51.51129079,-0.12822255,rubber,environmental_microbiome,68786.0,
haib17CEM5106_HCCGHCCXY_SL270366,london,charing cross,51.50866134,-0.124733426,metal,environmental_microbiome,271818.0,
haib17CEM5106_HCCGHCCXY_SL270367,london,embankment,51.50731012,-0.122340604,rubber,environmental_microbiome,224683.0,
haib17CEM5106_HCCGHCCXY_SL270368,london,waterloo,51.50357644,-0.114051784,rubber,environmental_microbiome,242057.0,
haib17CEM5106_HCCGHCCXY_SL270324,london,finchley central,51.601,-0.1924,wood,environmental_microbiome,2333526.0,
haib17CEM5106_HCCGHCCXY_SL270325,london,east finchley,51.58733501,-0.164725648,metal,environmental_microbiome,165145.0,
haib17CEM5106_HCCGHCCXY_SL270326,london,highgate,51.57765885,-0.146618543,rubber,environmental_microbiome,135642.0,
haib17CEM5106_HCCGHCCXY_SL270327,london,archway,51.56549578,-0.135099708,rubber,environmental_microbiome,93515.0,
haib17CEM5106_HCCGHCCXY_SL270328,london,tufnell park,51.55673669,-0.137907511,metal,environmental_microbiome,154352.0,
haib17CEM5106_HCCGHCCXY_SL270561,london,oxford circus,51.51519833,-0.141753096,rubber,environmental_microbiome,713226.0,
haib17CEM5106_HCCGHCCXY_SL270562,london,green paark,51.50691892,-0.142899998,Unknown,environmental_microbiome,178133.0,positive_control
haib17CEM5106_HCCGHCCXY_SL270563,london,victoria,51.49641574,-0.143828518,rubber,environmental_microbiome,541619.0,
haib17CEM5106_HCCGHCCXY_SL270564,london,pimlico,51.48926702,-0.13371586,rubber,environmental_microbiome,351321.0,
haib17CEM5106_HCCGHCCXY_SL270565,london,vauxhall,51.48580284,-0.123728675,rubber,environmental_microbiome,204491.0,
haib17CEM5106_HCCGHCCXY_SL270566,london,stockwell,51.47224114,-0.122895213,rubber,environmental_microbiome,537371.0,
haib17CEM5106_HCCGHCCXY_SL270567,london,brixton,51.46265326,-0.114611795,rubber,environmental_microbiome,166368.0,positive_control
haib17CEM5106_HCCGHCCXY_SL270553,london,blackhorse road,51.58701271,-0.040984391,rubber,environmental_microbiome,133187.0,
haib17CEM5106_HCCGHCCXY_SL270554,london,tottenham hale,51.58811284,-0.060276117,rubber,environmental_microbiome,263534.0,
haib17CEM5106_HCCGHCCXY_SL270555,london,seven sisters,51.58341409,-0.07247832,rubber,environmental_microbiome,2050505.0,
haib17CEM5106_HCCGHCCXY_SL270556,london,finsbury park,51.56447095,-0.106495674,metal,environmental_microbiome,2264952.0,
haib17CEM5106_HCCGHCCXY_SL270557,london,highbury and islington,51.54630074,-0.103948483,Unknown,environmental_microbiome,812646.0,
haib17CEM5106_HCCGHCCXY_SL270558,london,king's cross st. pancras,51.53046702,-0.123838556,rubber,environmental_microbiome,229520.0,positive_control
haib17CEM5106_HCCGHCCXY_SL270559,london,euston,51.52866595,-0.133265016,rubber,environmental_microbiome,3053918.0,
haib17CEM5106_HCCGHCCXY_SL270560,london,warren street,51.52458249,-0.138254185,Unknown,environmental_microbiome,907947.0,
haib17CEM5106_HCCGHCCXY_SL270466,london,harrow and wealdstone,51.59226368,-0.335193509,wood,environmental_microbiome,4931943.0,
haib17CEM5106_HCCGHCCXY_SL270479,london,queen's park,51.53416707,-0.204675391,metal,environmental_microbiome,2483491.0,
haib17CEM5106_HCCGHCCXY_SL270480,london,kilburn park,51.53513992,-0.193943923,metal,environmental_microbiome,158997.0,
haib17CEM5106_HCCGHCCXY_SL270481,london,maida vale,51.52982887,-0.185609035,metal,environmental_microbiome,4071999.0,
haib17CEM5106_HCCGHCCXY_SL270482,london,warwick avenue,51.52334544,-0.183649798,metal,environmental_microbiome,840814.0,positive_control
haib17CEM5106_HCCGHCCXY_SL270483,london,paddington,51.51537887,-0.175365294,metal,environmental_microbiome,4709353.0,
haib17CEM5106_HCCGHCCXY_SL270484,london,edgeware road,51.51999407,-0.167644928,metal,environmental_microbiome,450099.0,
haib17CEM5106_HCCGHCCXY_SL270485,london,marylebone,51.52229675,-0.163080891,metal,environmental_microbiome,1073989.0,
haib17CEM5106_HCCGHCCXY_SL270486,london,baker street,51.52313116,-0.156881847,metal,environmental_microbiome,1593058.0,
haib17CEM5106_HCCGHCCXY_SL270487,london,regent's park,51.52357375,-0.146845189,metal,environmental_microbiome,641014.0,
haib17CEM5106_HCCGHCCXY_SL270488,london,oxford circus,51.51519833,-0.141753096,metal,environmental_microbiome,1475566.0,
haib17CEM5106_HCCGHCCXY_SL270467,london,kenton,51.58184637,-0.317125399,metal_wood,environmental_microbiome,1993045.0,
haib17CEM5106_HCCGHCCXY_SL270489,london,picadilly circus,51.51010128,-0.133994054,metal,environmental_microbiome,456510.0,
haib17CEM5106_HCCGHCCXY_SL270490,london,charing cross,51.50866134,-0.124733426,metal,environmental_microbiome,2498439.0,
haib17CEM5106_HCCGHCCXY_SL270491,london,embankment,51.50731012,-0.122340604,metal,environmental_microbiome,1550465.0,
haib17CEM5106_HCCGHCCXY_SL270492,london,waterloo,51.50357644,-0.114051784,metal,environmental_microbiome,679396.0,
haib17CEM5106_HCCGHCCXY_SL270493,london,lambeth north,51.49913109,-0.111745717,metal,environmental_microbiome,930342.0,
haib17CEM5106_HCCGHCCXY_SL270494,london,elephant and castle,51.49584772,-0.100711857,metal,environmental_microbiome,4455327.0,
haib17CEM5106_HCCGHCCXY_SL270468,london,south kenton,51.57023141,-0.308554798,wood,environmental_microbiome,1122049.0,
haib17CEM5106_HCCGHCCXY_SL270473,london,north wembley,51.56254897,-0.304116057,wood,environmental_microbiome,2115553.0,
haib17CEM5106_HCCGHCCXY_SL270474,london,wembley central,51.55239319,-0.296820887,metal,environmental_microbiome,1614778.0,
haib17CEM5106_HCCGHCCXY_SL270475,london,stonebridge park,51.54398955,-0.275371113,wood,environmental_microbiome,5768891.0,
haib17CEM5106_HCCGHCCXY_SL270476,london,harlesden,51.53625519,-0.257476566,metal,environmental_microbiome,3284624.0,
haib17CEM5106_HCCGHCCXY_SL270477,london,willesden junction,51.53225984,-0.244259053,metal_wood,environmental_microbiome,6301899.0,
haib17CEM5106_HCCGHCCXY_SL270478,london,kensal green,51.5305265,-0.224683208,metal_wood,environmental_microbiome,9790149.0,
haib17CEM5106_HCCGHCCXY_SL270245,london,queensway,51.51045317,-0.187402539,metal,environmental_microbiome,1780804.0,
haib17CEM5106_HCCGHCCXY_SL270246,london,marble arch,51.51361041,-0.158415035,metal,environmental_microbiome,1044234.0,
haib17CEM5106_HCCGHCCXY_SL270247,london,bond street,51.51387906,-0.149315708,metal,environmental_microbiome,1978831.0,
haib17CEM5106_HCCGHCCXY_SL270248,london,oxford circus,51.51519833,-0.141753096,metal,environmental_microbiome,10018611.0,
haib17CEM5106_HCCGHCCXY_SL270249,london,tottenham court road,51.51627608,-0.13085605,metal,environmental_microbiome,709833.0,
haib17CEM5106_HCCGHCCXY_SL270250,london,holborn,51.5175063,-0.119995446,metal,environmental_microbiome,310212.0,
haib17CEM5106_HCCGHCCXY_SL270251,london,chancery lane,51.51819437,-0.111660401,metal,environmental_microbiome,134373.0,
haib17CEM5106_HCCGHCCXY_SL270252,london,st. paul's,51.51487573,-0.097559304,metal,environmental_microbiome,509945.0,
haib17CEM5106_HCCGHCCXY_SL270253,london,bank,51.5133735,-0.088906725,metal,environmental_microbiome,3728838.0,
haib17CEM5106_HCCGHCCXY_SL270237,london,perivale,51.53665913,-0.323817282,wood,environmental_microbiome,5839392.0,
haib17CEM5106_HCCGHCCXY_SL270254,london,liverpool street,51.51742113,-0.082958757,metal,environmental_microbiome,3486162.0,
haib17CEM5106_HCCGHCCXY_SL270255,london,bethnal green,51.52726755,-0.055423847,wood,environmental_microbiome,2871394.0,
haib17CEM5106_HCCGHCCXY_SL270256,london,mile end,51.52516227,-0.033400538,metal,environmental_microbiome,1333753.0,
haib17CEM5106_HCCGHCCXY_SL270257,london,stratford,51.54137766,-0.003185389,Unknown,environmental_microbiome,3097417.0,
haib17CEM5106_HCCGHCCXY_SL270258,london,leyton,51.5565034,-0.00561874,wood,environmental_microbiome,2539360.0,
haib17CEM5106_HCCGHCCXY_SL270263,london,leytonstone,51.56825428,0.008223901,wood,environmental_microbiome,1277356.0,
haib17CEM5106_HCCGHCCXY_SL270264,london,snaresbrook,51.58089355,0.021492179,wood,environmental_microbiome,175867.0,
haib17CEM5106_HCCGHCCXY_SL270265,london,south woodford,51.59179344,0.027321779,wood,environmental_microbiome,3354422.0,
haib17CEM5106_HCCGHCCXY_SL270266,london,woodford,51.60709356,0.034027185,metal,environmental_microbiome,3341242.0,
haib17CEM5106_HCCGHCCXY_SL270267,london,ealing broadway,51.5149791,-0.301471777,metal,environmental_microbiome,1967302.0,
haib17CEM5106_HCCGHCCXY_SL270238,london,hanger lane,51.53007288,-0.292973103,wood,environmental_microbiome,6488654.0,
haib17CEM5106_HCCGHCCXY_SL270268,london,west acton,51.51792853,-0.280959813,wood,environmental_microbiome,8169681.0,
haib17CEM5106_HCCGHCCXY_SL270269,london,wanstead,51.57558605,0.028739769,wood,environmental_microbiome,2614000.0,
haib17CEM5106_HCCGHCCXY_SL270270,london,redbridge,51.57636834,0.045413423,wood,environmental_microbiome,1718273.0,
haib17CEM5106_HCCGHCCXY_SL270271,london,gants hill,51.5765571,0.066103646,wood,environmental_microbiome,1593899.0,
haib17CEM5106_HCCGHCCXY_SL270272,london,newbury park,51.57563951,0.090329654,wood,environmental_microbiome,3406911.0,
haib17CEM5106_HCCGHCCXY_SL270273,london,barkingside,51.58585544,0.088509189,wood,environmental_microbiome,10666518.0,
haib17CEM5106_HCCGHCCXY_SL270274,london,fairlop,51.59574781,0.090921024,wood,environmental_microbiome,14613647.0,
haib17CEM5106_HCCGHCCXY_SL270275,london,hainault,51.60379254,0.093105998,wood,environmental_microbiome,3937236.0,
haib17CEM5106_HCCGHCCXY_SL270276,london,grange hill,51.61340971,0.092132915,wood,environmental_microbiome,3871589.0,
haib17CEM5106_HCCGHCCXY_SL270277,london,chigwell,51.61793168,0.074523461,wood,environmental_microbiome,7259766.0,
haib17CEM5106_HCCGHCCXY_SL270239,london,north acton,51.52343605,-0.25970031,wood,environmental_microbiome,4263876.0,
haib17CEM5106_HCCGHCCXY_SL270278,london,roding valley,51.61717995,0.04385609,wood,environmental_microbiome,2609965.0,
haib17CEM5106_HCCGHCCXY_SL270240,london,east acton,51.51664829,-0.247481639,wood,environmental_microbiome,4081488.0,
haib17CEM5106_HCCGHCCXY_SL270241,london,white city,51.51204421,-0.224221914,metal_wood,environmental_microbiome,2406926.0,
haib17CEM5106_HCCGHCCXY_SL270242,london,shepherd's bush,51.50452058,-0.218739321,metal,environmental_microbiome,3248092.0,
haib17CEM5106_HCCGHCCXY_SL270243,london,holland park,51.50740459,-0.205705089,metal,environmental_microbiome,5295486.0,
haib17CEM5106_HCCGHCCXY_SL270244,london,notting hill gate,51.50913507,-0.196517879,metal,environmental_microbiome,1733356.0,
haib17CEM5106_HCY5HCCXY_SL271096,london,chiswick park,51.4943711,-0.267715593,wood,environmental_microbiome,3305997.0,
haib17CEM5106_HCY5HCCXY_SL271105,london,south kensington,51.49407225,-0.173903021,metal,environmental_microbiome,4310776.0,
haib17CEM5106_HCY5HCCXY_SL271106,london,sloane square,51.49236161,-0.156471428,metal,environmental_microbiome,2781874.0,
haib17CEM5106_HCY5HCCXY_SL271107,london,victoria,51.49641574,-0.143828518,metal,environmental_microbiome,2772643.0,
haib17CEM5106_HCY5HCCXY_SL271108,london,st james's park,51.49941708,-0.134167037,wood,environmental_microbiome,3416243.0,
haib17CEM5106_HCY5HCCXY_SL271109,london,westminster,51.50115697,-0.124793827,metal,environmental_microbiome,7130295.0,
haib17CEM5106_HCY5HCCXY_SL271110,london,embankment,51.50731012,-0.122340604,metal,environmental_microbiome,5213862.0,
haib17CEM5106_HCY5HCCXY_SL271111,london,temple,51.51104185,-0.113692896,wood,environmental_microbiome,6749951.0,
haib17CEM5106_HCY5HCCXY_SL271112,london,blackfriars,51.51156251,-0.103596123,metal,environmental_microbiome,2901476.0,
haib17CEM5106_HCY5HCCXY_SL271113,london,mansion house,51.5120941,-0.094171678,metal,environmental_microbiome,4957407.0,
haib17CEM5106_HCY5HCCXY_SL271114,london,cannon street,51.51150584,-0.090681195,wood,environmental_microbiome,2623957.0,
haib17CEM5106_HCY5HCCXY_SL271097,london,turnham green,51.49518509,-0.254500038,metal_wood,environmental_microbiome,4777804.0,
haib17CEM5106_HCY5HCCXY_SL271115,london,monument,51.51063449,-0.08616071,metal,environmental_microbiome,2937133.0,
haib17CEM5106_HCY5HCCXY_SL271116,london,tower hill,51.5101391,-0.076335576,metal,environmental_microbiome,4054134.0,
haib17CEM5106_HCY5HCCXY_SL271117,london,aldgate east,51.51530072,-0.072274025,wood,environmental_microbiome,6667410.0,
haib17CEM5106_HCY5HCCXY_SL271118,london,whitechapel,51.51952926,-0.059968492,metal,environmental_microbiome,3624117.0,
haib17CEM5106_HCY5HCCXY_SL271119,london,stepney green,51.52197932,-0.046455251,metal,environmental_microbiome,3407818.0,
haib17CEM5106_HCY5HCCXY_SL271120,london,mile end,51.52516227,-0.033400538,metal,environmental_microbiome,2664981.0,
haib17CEM5106_HCY5HCCXY_SL271121,london,bow road,51.5268669,-0.024809606,metal,environmental_microbiome,4285910.0,
haib17CEM5106_HCY5HCCXY_SL271122,london,bromey-by-bow,51.52484277,-0.01165748,wood,environmental_microbiome,5413416.0,
haib17CEM5106_HCY5HCCXY_SL271123,london,west ham,51.52825723,0.005040569,metal_wood,environmental_microbiome,5721010.0,
haib17CEM5106_HCY5HCCXY_SL271124,london,plaistow,51.53128621,0.017807961,wood,environmental_microbiome,2070954.0,
haib17CEM5106_HCY5HCCXY_SL271098,london,stamford brook,51.49486533,-0.245421899,wood,environmental_microbiome,3700778.0,
haib17CEM5106_HCY5HCCXY_SL271125,london,upton park,51.53530067,0.035269676,metal_wood,environmental_microbiome,2586688.0,
haib17CEM5106_HCY5HCCXY_SL271126,london,east ham,51.5389967,0.051467145,wood,environmental_microbiome,3047349.0,
haib17CEM5106_HCY5HCCXY_SL271127,london,barking,51.53952056,0.080855743,metal,environmental_microbiome,2519998.0,
haib17CEM5106_HCY5HCCXY_SL271128,london,upney,51.53840422,0.101558788,metal_wood,environmental_microbiome,2915547.0,
haib17CEM5106_HCY5HCCXY_SL271129,london,richmond,51.46323213,-0.301717924,metal,environmental_microbiome,3632004.0,
haib17CEM5106_HCY5HCCXY_SL271130,london,kew gardens,51.47709778,-0.285212918,metal_wood,environmental_microbiome,3595296.0,
haib17CEM5106_HCY5HCCXY_SL271135,london,gunnersbury,51.49186736,-0.275147144,metal_wood,environmental_microbiome,3810737.0,
haib17CEM5106_HCY5HCCXY_SL271136,london,wimbledon,51.42146487,-0.206353858,metal_wood,environmental_microbiome,4072839.0,
haib17CEM5106_HCY5HCCXY_SL271137,london,wimbledon park,51.43453896,-0.199572031,metal_wood,environmental_microbiome,2151203.0,
haib17CEM5106_HCY5HCCXY_SL271138,london,southfields,51.44500591,-0.206514155,metal_wood,environmental_microbiome,3851966.0,positive_control
haib17CEM5106_HCY5HCCXY_SL271099,london,ravenscourt brook,51.49421127,-0.236225664,metal_wood,environmental_microbiome,5484538.0,
haib17CEM5106_HCY5HCCXY_SL271139,london,east putney,51.45887883,-0.210975744,metal_wood,environmental_microbiome,3743739.0,
haib17CEM5106_HCY5HCCXY_SL271140,london,putney bridge,51.46797822,-0.208948328,metal_wood,environmental_microbiome,3866331.0,
haib17CEM5106_HCY5HCCXY_SL271141,london,parsons green,51.47517266,-0.201208748,metal_wood,environmental_microbiome,2735715.0,
haib17CEM5106_HCY5HCCXY_SL271142,london,fulham broadway,51.48059868,-0.194937978,metal,environmental_microbiome,3368366.0,
haib17CEM5106_HCY5HCCXY_SL271143,london,west brompton,51.487287,0.195491,wood,environmental_microbiome,3765444.0,
haib17CEM5106_HCY5HCCXY_SL271144,london,high st kensington,51.50074572,-0.192480691,metal,environmental_microbiome,3948823.0,
haib17CEM5106_HCY5HCCXY_SL271145,london,notting hill gate,51.50913507,-0.196517879,wood,environmental_microbiome,3218946.0,
haib17CEM5106_HCY5HCCXY_SL271146,london,bayswater,51.51229975,-0.188009447,metal,environmental_microbiome,4475626.0,
haib17CEM5106_HCY5HCCXY_SL271147,london,edgeware road,51.52025012,-0.17010672,Unknown,environmental_microbiome,3137134.0,
haib17CEM5106_HCY5HCCXY_SL271100,london,hammersmith,51.49357272,-0.224892685,metal_wood,environmental_microbiome,2208436.0,
haib17CEM5106_HCY5HCCXY_SL271101,london,barons court,51.49022739,-0.213576608,wood,environmental_microbiome,3652402.0,
haib17CEM5106_HCY5HCCXY_SL271102,london,west kensington,51.49056563,-0.206454516,metal_wood,environmental_microbiome,3866827.0,
haib17CEM5106_HCY5HCCXY_SL271103,london,earl's court,51.49187618,-0.193526047,Unknown,environmental_microbiome,3433743.0,
haib17CEM5106_HCY5HCCXY_SL271104,london,gloucester road,51.49431275,-0.182960687,metal,environmental_microbiome,3291820.0,
haib17CEM5106_HCCGHCCXY_SL270523,london,harrow-on-the-hill,51.57939273,-0.336973212,wood,environmental_microbiome,435773.0,positive_control
haib17CEM5106_HCCGHCCXY_SL270532,london,farringdon,51.52051764,-0.10505032,metal,environmental_microbiome,5741257.0,
haib17CEM5106_HCCGHCCXY_SL270533,london,barbican,51.52021342,-0.097698591,wood,environmental_microbiome,1565655.0,
haib17CEM5106_HCCGHCCXY_SL270534,london,moorgate,51.51843415,-0.088988842,metal,environmental_microbiome,1180740.0,
haib17CEM5106_HCCGHCCXY_SL270535,london,liverpool street,51.51742113,-0.082958757,metal,environmental_microbiome,1312516.0,positive_control
haib17CEM5106_HCCGHCCXY_SL270536,london,aldgate,51.51434282,-0.075600611,metal,environmental_microbiome,2223613.0,
haib17CEM5106_HCCGHCCXY_SL270524,london,northwick park,51.57865118,-0.318174443,wood,environmental_microbiome,4208307.0,
haib17CEM5106_HCCGHCCXY_SL270525,london,preston road,51.5720977,-0.295226402,wood,environmental_microbiome,506187.0,
haib17CEM5106_HCCGHCCXY_SL270526,london,wembley park,51.56332139,-0.279220664,metal,environmental_microbiome,1321696.0,
haib17CEM5106_HCCGHCCXY_SL270527,london,finchley road,51.54713209,-0.18047382,wood,environmental_microbiome,1299715.0,
haib17CEM5106_HCCGHCCXY_SL270528,london,baker street,51.52313116,-0.156881847,wood,environmental_microbiome,1537916.0,
haib17CEM5106_HCCGHCCXY_SL270529,london,great portland street,51.52378935,-0.14393025,metal_wood,environmental_microbiome,814901.0,
haib17CEM5106_HCCGHCCXY_SL270530,london,euston square,51.52562663,-0.135824263,wood,environmental_microbiome,1951873.0,
haib17CEM5106_HCCGHCCXY_SL270531,london,king's cross st. pancras,51.53046702,-0.123838556,metal,environmental_microbiome,2085914.0,
haib17CEM5106_HCCGHCCXY_SL270369,london,high barnet,51.65065795,-0.194737478,wood,environmental_microbiome,300445.0,
haib17CEM5106_HCCGHCCXY_SL270378,london,kentish town,51.55036797,-0.140452418,metal,environmental_microbiome,175413.0,
haib17CEM5106_HCCGHCCXY_SL270379,london,camden town,51.5394686,-0.142709548,metal,environmental_microbiome,66098.0,
haib17CEM5106_HCCGHCCXY_SL270380,london,mornington crescent,51.53427845,-0.138821617,metal,environmental_microbiome,210346.0,
haib17CEM5106_HCCGHCCXY_SL270381,london,euston,51.52866595,-0.133265016,metal,environmental_microbiome,113903.0,
haib17CEM5106_HCCGHCCXY_SL270382,london,king's cross st.pancras,51.53046702,-0.123838556,metal,environmental_microbiome,160023.0,
haib17CEM5106_HCCGHCCXY_SL270383,london,angel,51.53257057,-0.105772295,metal,environmental_microbiome,50331.0,
haib17CEM5106_HCCGHCCXY_SL270384,london,old street,51.52567304,-0.087540958,metal_wood,environmental_microbiome,181253.0,
haib17CEM5106_HCCGHCCXY_SL270385,london,moorgate,51.51843415,-0.088988842,metal,environmental_microbiome,1119852.0,positive_control
haib17CEM5106_HCCGHCCXY_SL270386,london,bank,51.5133735,-0.088906725,metal,environmental_microbiome,310359.0,
haib17CEM5106_HCCGHCCXY_SL270387,london,london bridge,51.50557208,-0.086907553,metal,environmental_microbiome,335365.0,
haib17CEM5106_HCCGHCCXY_SL270370,london,totteridge and whetstone,51.63026513,-0.179247175,wood,environmental_microbiome,600233.0,
haib17CEM5106_HCCGHCCXY_SL270388,london,borough,51.5012707,-0.093692651,metal,environmental_microbiome,325113.0,
haib17CEM5106_HCCGHCCXY_SL270389,london,elephant and castle,51.49584772,-0.100711857,metal,environmental_microbiome,219992.0,
haib17CEM5106_HCCGHCCXY_SL270390,london,kennington,51.48819371,-0.10547519,wood,environmental_microbiome,21280.0,
haib17CEM5106_HCCGHCCXY_SL270391,london,oval,51.482032,-0.112797,wood,environmental_microbiome,332042.0,
haib17CEM5106_HCCGHCCXY_SL270392,london,stockwell,51.47224114,-0.122895213,wood,environmental_microbiome,799983.0,
haib17CEM5106_HCCGHCCXY_SL270393,london,clapham north,51.46492348,-0.129515616,wood,environmental_microbiome,388917.0,
haib17CEM5106_HCCGHCCXY_SL270394,london,clapham common,51.46180336,-0.138295129,wood,environmental_microbiome,175062.0,
haib17CEM5106_HCCGHCCXY_SL270395,london,clapham south,51.45267416,-0.14795997,wood,environmental_microbiome,50611.0,
haib17CEM5106_HCCGHCCXY_SL270396,london,balham,51.44340406,-0.153182996,wood,environmental_microbiome,2909.0,positive_control
haib17CEM5106_HCCGHCCXY_SL270397,london,tooting bec,51.43583612,-0.159677894,wood,environmental_microbiome,494073.0,
haib17CEM5106_HCCGHCCXY_SL270371,london,woodside park,51.61787278,-0.185394277,wood,environmental_microbiome,193700.0,
haib17CEM5106_HCCGHCCXY_SL270398,london,tooting broadway,51.42751601,-0.167954323,wood,environmental_microbiome,1286173.0,
haib17CEM5106_HCCGHCCXY_SL270399,london,colliers wood,51.41814951,-0.177678808,metal,environmental_microbiome,3481797.0,
haib17CEM5106_HCCGHCCXY_SL270400,london,south wimbledon,51.415307,-0.191915,metal,environmental_microbiome,3207815.0,
haib17CEM5106_HCCGHCCXY_SL270401,london,morden,51.40241312,-0.194767862,Unknown,environmental_microbiome,218531.0,
haib17CEM5106_HCCGHCCXY_SL270402,london,edgeware,51.61368485,-0.274946709,wood,environmental_microbiome,4634768.0,
haib17CEM5106_HCCGHCCXY_SL270403,london,burnt oak,51.60273831,-0.264170829,metal_wood,environmental_microbiome,10567359.0,
haib17CEM5106_HCCGHCCXY_SL270404,london,colindale,51.59535142,-0.250108975,metal_wood,environmental_microbiome,1025387.0,
haib17CEM5106_HCCGHCCXY_SL270405,london,hendon central,51.58335804,-0.226465843,metal_wood,environmental_microbiome,1223384.0,
haib17CEM5106_HCCGHCCXY_SL270406,london,brent cross,51.57686088,-0.213428926,metal_wood,environmental_microbiome,10821891.0,
haib17CEM5106_HCCGHCCXY_SL270407,london,golders green,51.57228586,-0.19396566,metal_wood,environmental_microbiome,4215690.0,
haib17CEM5106_HCCGHCCXY_SL270372,london,west finchley,51.60954907,-0.188445598,metal_wood,environmental_microbiome,232697.0,
haib17CEM5106_HCCGHCCXY_SL270408,london,hampstead,51.55675484,-0.17820292,metal,environmental_microbiome,750701.0,
haib17CEM5106_HCCGHCCXY_SL270409,london,belsize park,51.55049384,-0.164212238,metal,environmental_microbiome,1604099.0,
haib17CEM5106_HCCGHCCXY_SL270410,london,chalk farm,51.5441519,-0.153701577,metal,environmental_microbiome,5500960.0,
haib17CEM5106_HCCGHCCXY_SL270411,london,warren street,51.52458249,-0.138254185,metal,environmental_microbiome,18539478.0,
haib17CEM5106_HCCGHCCXY_SL270412,london,goodge street,51.52049909,-0.134642741,metal,environmental_microbiome,1771324.0,
haib17CEM5106_HCCGHCCXY_SL270413,london,tottenham court road,51.51627608,-0.13085605,metal,environmental_microbiome,4076267.0,
haib17CEM5106_HCCGHCCXY_SL270414,london,leicester square,51.51129079,-0.12822255,metal,environmental_microbiome,6298393.0,
haib17CEM5106_HCCGHCCXY_SL270415,london,charing cross,51.50866134,-0.124733426,metal,environmental_microbiome,5589834.0,
haib17CEM5106_HCCGHCCXY_SL270416,london,embankment,51.50731012,-0.122340604,metal,environmental_microbiome,6198886.0,
haib17CEM5106_HCCGHCCXY_SL270417,london,waterloo,51.50357644,-0.114051784,metal,environmental_microbiome,5329051.0,
haib17CEM5106_HCCGHCCXY_SL270373,london,finchley central,51.601,-0.1924,metal_wood,environmental_microbiome,256837.0,
haib17CEM5106_HCCGHCCXY_SL270374,london,east finchley,51.58733501,-0.164725648,metal_wood,environmental_microbiome,344991.0,
haib17CEM5106_HCCGHCCXY_SL270375,london,highgate,51.57765885,-0.146618543,metal,environmental_microbiome,252544.0,
haib17CEM5106_HCCGHCCXY_SL270376,london,archway,51.56549578,-0.135099708,metal,environmental_microbiome,567988.0,
haib17CEM5106_HCCGHCCXY_SL270377,london,tufnell park,51.55673669,-0.137907511,metal,environmental_microbiome,286513.0,
haib17CEM5106_HCCGHCCXY_SL270568,london,walthamstow central,51.58302266,-0.01991023,wood,environmental_microbiome,1239214.0,
haib17CEM5106_HCCGHCCXY_SL270577,london,oxford circus,51.51519833,-0.141753096,Unknown,environmental_microbiome,277351.0,
haib17CEM5106_HCCGHCCXY_SL270578,london,green paark,51.50691892,-0.142899998,wood,environmental_microbiome,2398479.0,
haib17CEM5106_HCCGHCCXY_SL270579,london,victoria,51.49641574,-0.143828518,wood,environmental_microbiome,332527.0,
haib17CEM5106_HCCGHCCXY_SL270580,london,pimlico,51.48926702,-0.13371586,wood,environmental_microbiome,686988.0,
haib17CEM5106_HCCGHCCXY_SL270581,london,vauxhall,51.48580284,-0.123728675,wood,environmental_microbiome,1330094.0,
haib17CEM5106_HCCGHCCXY_SL270582,london,stockwell,51.47224114,-0.122895213,wood,environmental_microbiome,922621.0,
haib17CEM5106_HCCGHCCXY_SL270583,london,brixton,51.46265326,-0.114611795,wood,environmental_microbiome,1354476.0,
haib17CEM5106_HCCGHCCXY_SL270569,london,blackhorse road,51.58701271,-0.040984391,wood,environmental_microbiome,291895.0,
haib17CEM5106_HCCGHCCXY_SL270570,london,tottenham hale,51.58811284,-0.060276117,wood,environmental_microbiome,291059.0,
haib17CEM5106_HCCGHCCXY_SL270571,london,seven sisters,51.58341409,-0.07247832,wood,environmental_microbiome,614912.0,
haib17CEM5106_HCCGHCCXY_SL270572,london,finsbury park,51.56447095,-0.106495674,wood,environmental_microbiome,586325.0,
haib17CEM5106_HCCGHCCXY_SL270573,london,highbury and islington,51.54630074,-0.103948483,wood,environmental_microbiome,433248.0,
haib17CEM5106_HCCGHCCXY_SL270574,london,king's cross st. pancras,51.53046702,-0.123838556,wood,environmental_microbiome,1414780.0,
haib17CEM5106_HCCGHCCXY_SL270575,london,euston,51.52866595,-0.133265016,wood,environmental_microbiome,2026329.0,
haib17CEM5106_HCCGHCCXY_SL270576,london,warren street,51.52458249,-0.138254185,wood,environmental_microbiome,185953.0,
haib17CEM5106_HCY5HCCXY_SL270997,london,Control/Unknown,,,Unknown,environmental_microbiome,3588211.0,negative_control
haib17CEM5106_HCY5HCCXY_SL270998,london,Control/Unknown,,,Unknown,environmental_microbiome,5425175.0,negative_control
haib17CEM5106_HCY5HCCXY_SL270995,london,Control/Unknown,,,Unknown,environmental_microbiome,5261766.0,positive_control
haib17CEM5106_HCY5HCCXY_SL270996,london,Control/Unknown,,,Unknown,environmental_microbiome,5328035.0,positive_control
haib17CEM5106_HCY5HCCXY_SL271133,london,Control/Unknown,,,Unknown,environmental_microbiome,2451543.0,negative_control
haib17CEM5106_HCY5HCCXY_SL271134,london,Control/Unknown,,,Unknown,environmental_microbiome,3101513.0,negative_control
haib17CEM5106_HCY5HCCXY_SL271131,london,Control/Unknown,,,Unknown,environmental_microbiome,4646981.0,positive_control
haib17CEM5106_HCY5HCCXY_SL271132,london,Control/Unknown,,,Unknown,environmental_microbiome,6541617.0,positive_control
haib17CEM5106_HCCGHCCXY_SL270262,london,Control/Unknown,,,Unknown,environmental_microbiome,390855.0,negative_control
haib17CEM5106_HCCGHCCXY_SL270259,london,Control/Unknown,,,Unknown,environmental_microbiome,3519037.0,positive_control
haib17CEM5106_HCCGHCCXY_SL270260,london,Control/Unknown,,,Unknown,environmental_microbiome,744596.0,positive_control
haib17CEM5106_HCCGHCCXY_SL270315,london,Control/Unknown,,,Unknown,environmental_microbiome,2265725.0,positive_control
haib17CEM5106_HCCGHCCXY_SL270316,london,Control/Unknown,,,Unknown,environmental_microbiome,329787965.0,positive_control
haib17CEM5106_HCCGHCCXY_SL270471,london,Control/Unknown,,,Unknown,environmental_microbiome,1666956.0,negative_control
haib17CEM5106_HCCGHCCXY_SL270472,london,Control/Unknown,,,Unknown,environmental_microbiome,1601048.0,negative_control
haib17CEM5106_HCCGHCCXY_SL270469,london,Control/Unknown,,,Unknown,environmental_microbiome,4696669.0,positive_control
haib17CEM5106_HCCGHCCXY_SL270470,london,Control/Unknown,,,Unknown,environmental_microbiome,2421249.0,positive_control
haib17CEM5106_HCCGHCCXY_SL270513,london,Control/Unknown,,,Unknown,environmental_microbiome,41740.0,negative_control
haib17CEM5106_HCCGHCCXY_SL270510,london,Control/Unknown,,,Unknown,environmental_microbiome,176250525.0,positive_control
haib17CEM5106_HCCGHCCXY_SL270511,london,Control/Unknown,,,Unknown,environmental_microbiome,169776230.0,positive_control
haib18CEM5332_HMGTJCCXY_SL342392,london,Control/Unknown,,,Unknown,,929236.0,
haib18CEM5332_HMGW3CCXY_SL342392,london,Control/Unknown,,,Unknown,,3350374.0,
haib18CEM5332_HMGTJCCXY_SL342401,london,Control/Unknown,,,Unknown,,755844.0,
haib18CEM5332_HMGW3CCXY_SL342401,london,Control/Unknown,,,Unknown,,2586992.0,
haib18CEM5332_HMGTJCCXY_SL342402,london,Control/Unknown,,,Unknown,,1071330.0,
haib18CEM5332_HMGW3CCXY_SL342402,london,Control/Unknown,,,Unknown,,3793314.0,
haib18CEM5332_HMGTJCCXY_SL342403,london,Control/Unknown,,,Unknown,,785126.0,
haib18CEM5332_HMGW3CCXY_SL342403,london,Control/Unknown,,,Unknown,,2909725.0,
haib18CEM5332_HMGTJCCXY_SL342404,london,Control/Unknown,,,Unknown,,1015754.0,
haib18CEM5332_HMGW3CCXY_SL342404,london,Control/Unknown,,,Unknown,,3686762.0,
haib18CEM5332_HMGTJCCXY_SL342405,london,Control/Unknown,,,Unknown,,1460943.0,
haib18CEM5332_HMGW3CCXY_SL342405,london,Control/Unknown,,,Unknown,,4588838.0,
haib18CEM5332_HMGTJCCXY_SL342406,london,Control/Unknown,,,Unknown,,1588030.0,
haib18CEM5332_HMGW3CCXY_SL342406,london,Control/Unknown,,,Unknown,,4638253.0,
haib18CEM5332_HMGTJCCXY_SL342407,london,Control/Unknown,,,Unknown,,1083140.0,
haib18CEM5332_HMGW3CCXY_SL342407,london,Control/Unknown,,,Unknown,,3445110.0,
haib18CEM5332_HMGTJCCXY_SL342408,london,Control/Unknown,,,Unknown,,1157454.0,
haib18CEM5332_HMGW3CCXY_SL342408,london,Control/Unknown,,,Unknown,,3544588.0,
haib18CEM5332_HMGTJCCXY_SL342409,london,Control/Unknown,,,Unknown,,955258.0,
haib18CEM5332_HMGW3CCXY_SL342409,london,Control/Unknown,,,Unknown,,3414509.0,
haib18CEM5332_HMGTJCCXY_SL342410,london,Control/Unknown,,,Unknown,,836807.0,
haib18CEM5332_HMGW3CCXY_SL342410,london,Control/Unknown,,,Unknown,,2739497.0,
haib18CEM5332_HMGTJCCXY_SL342393,london,Control/Unknown,,,Unknown,,1422795.0,
haib18CEM5332_HMGW3CCXY_SL342393,london,Control/Unknown,,,Unknown,,4532676.0,
haib18CEM5332_HMGTJCCXY_SL342411,london,Control/Unknown,,,Unknown,,741474.0,
haib18CEM5332_HMGW3CCXY_SL342411,london,Control/Unknown,,,Unknown,,2664725.0,
haib18CEM5332_HMGTJCCXY_SL342412,london,Control/Unknown,,,Unknown,,999695.0,
haib18CEM5332_HMGW3CCXY_SL342412,london,Control/Unknown,,,Unknown,,3081245.0,
haib18CEM5332_HMGTJCCXY_SL342413,london,Control/Unknown,,,Unknown,,950833.0,
haib18CEM5332_HMGW3CCXY_SL342413,london,Control/Unknown,,,Unknown,,3547199.0,
haib18CEM5332_HMGTJCCXY_SL342414,london,Control/Unknown,,,Unknown,,1169216.0,
haib18CEM5332_HMGW3CCXY_SL342414,london,Control/Unknown,,,Unknown,,3548938.0,
haib18CEM5332_HMGTJCCXY_SL342415,london,Control/Unknown,,,Unknown,,1572832.0,
haib18CEM5332_HMGW3CCXY_SL342415,london,Control/Unknown,,,Unknown,,4994285.0,
haib18CEM5332_HMGTJCCXY_SL342416,london,Control/Unknown,,,Unknown,,1263568.0,
haib18CEM5332_HMGW3CCXY_SL342416,london,Control/Unknown,,,Unknown,,276480.0,
haib18CEM5332_HMGTJCCXY_SL342417,london,Control/Unknown,,,Unknown,,1176825.0,
haib18CEM5332_HMGW3CCXY_SL342417,london,Control/Unknown,,,Unknown,,1024216.0,
haib18CEM5332_HMGTJCCXY_SL342418,london,Control/Unknown,,,Unknown,,1263267.0,
haib18CEM5332_HMGW3CCXY_SL342418,london,Control/Unknown,,,Unknown,,4054518.0,
haib18CEM5332_HMGTJCCXY_SL342419,london,Control/Unknown,,,Unknown,,1239279.0,
haib18CEM5332_HMGW3CCXY_SL342419,london,Control/Unknown,,,Unknown,,3859912.0,
haib18CEM5332_HMGTJCCXY_SL342420,london,Control/Unknown,,,Unknown,,562406.0,
haib18CEM5332_HMGW3CCXY_SL342420,london,Control/Unknown,,,Unknown,,3010325.0,
haib18CEM5332_HMGTJCCXY_SL342394,london,Control/Unknown,,,Unknown,,1523954.0,
haib18CEM5332_HMGW3CCXY_SL342394,london,Control/Unknown,,,Unknown,,5103150.0,
haib18CEM5332_HMGTJCCXY_SL342421,london,Control/Unknown,,,Unknown,,877434.0,
haib18CEM5332_HMGW3CCXY_SL342421,london,Control/Unknown,,,Unknown,,2978192.0,
haib18CEM5332_HMGTJCCXY_SL342422,london,Control/Unknown,,,Unknown,,1121417.0,
haib18CEM5332_HMGW3CCXY_SL342422,london,Control/Unknown,,,Unknown,,3307667.0,
haib18CEM5332_HMGTJCCXY_SL342423,london,Control/Unknown,,,Unknown,,774430.0,
haib18CEM5332_HMGW3CCXY_SL342423,london,Control/Unknown,,,Unknown,,2788301.0,
haib18CEM5332_HMGTJCCXY_SL342424,london,Control/Unknown,,,Unknown,,994266.0,
haib18CEM5332_HMGW3CCXY_SL342424,london,Control/Unknown,,,Unknown,,3372275.0,
haib18CEM5332_HMGTJCCXY_SL342425,london,Control/Unknown,,,Unknown,,1403344.0,
haib18CEM5332_HMGW3CCXY_SL342425,london,Control/Unknown,,,Unknown,,4539573.0,
haib18CEM5332_HMGTJCCXY_SL342426,london,Control/Unknown,,,Unknown,,1000255.0,
haib18CEM5332_HMGW3CCXY_SL342426,london,Control/Unknown,,,Unknown,,3451902.0,
haib18CEM5332_HMGTJCCXY_SL342427,london,Control/Unknown,,,Unknown,,999788.0,
haib18CEM5332_HMGW3CCXY_SL342427,london,Control/Unknown,,,Unknown,,3392870.0,
haib18CEM5332_HMGTJCCXY_SL342428,london,Control/Unknown,,,Unknown,,1635247.0,
haib18CEM5332_HMGW3CCXY_SL342428,london,Control/Unknown,,,Unknown,,6067423.0,
haib18CEM5332_HMGTJCCXY_SL342429,london,Control/Unknown,,,Unknown,,1120358.0,
haib18CEM5332_HMGW3CCXY_SL342429,london,Control/Unknown,,,Unknown,,3617792.0,
haib18CEM5332_HMGTJCCXY_SL342430,london,Control/Unknown,,,Unknown,,1420371.0,
haib18CEM5332_HMGW3CCXY_SL342430,london,Control/Unknown,,,Unknown,,3943081.0,
haib18CEM5332_HMGTJCCXY_SL342395,london,Control/Unknown,,,Unknown,,1224208.0,
haib18CEM5332_HMGW3CCXY_SL342395,london,Control/Unknown,,,Unknown,,4405908.0,
haib18CEM5332_HMGTJCCXY_SL342431,london,Control/Unknown,,,Unknown,,1443991.0,
haib18CEM5332_HMGW3CCXY_SL342431,london,Control/Unknown,,,Unknown,,4664618.0,
haib18CEM5332_HMGTJCCXY_SL342432,london,Control/Unknown,,,Unknown,,1111163.0,
haib18CEM5332_HMGW3CCXY_SL342432,london,Control/Unknown,,,Unknown,,3789577.0,
haib18CEM5332_HMGTJCCXY_SL342396,london,Control/Unknown,,,Unknown,,865021.0,
haib18CEM5332_HMGW3CCXY_SL342396,london,Control/Unknown,,,Unknown,,2862681.0,
haib18CEM5332_HMGTJCCXY_SL342397,london,Control/Unknown,,,Unknown,,984755.0,
haib18CEM5332_HMGW3CCXY_SL342397,london,Control/Unknown,,,Unknown,,3344489.0,
haib18CEM5332_HMGTJCCXY_SL342398,london,Control/Unknown,,,Unknown,,1316463.0,
haib18CEM5332_HMGW3CCXY_SL342398,london,Control/Unknown,,,Unknown,,4687316.0,
haib18CEM5332_HMGTJCCXY_SL342399,london,Control/Unknown,,,Unknown,,1101757.0,
haib18CEM5332_HMGW3CCXY_SL342399,london,Control/Unknown,,,Unknown,,3821171.0,
haib18CEM5332_HMGTJCCXY_SL342400,london,Control/Unknown,,,Unknown,,771787.0,
haib18CEM5332_HMGW3CCXY_SL342400,london,Control/Unknown,,,Unknown,,2945927.0,
